title,description,category,priority
Hostel room issue,The bathroom facilities require attention. Students at Academic Block are affected.,Hostel,Medium
Water supply problem,My hostel room requires maintenance. The issue is at Hostel A.,Hostel,Low
Student portal not working,WiFi is not working in my hostel. Students at Campus are affected.,IT / Wi-Fi,High
Computer network issue,I am facing a network connectivity problem. Students at Hostel A are affected.,IT / Wi-Fi,High
Library seat problem,The library timing is causing difficulty for students. I noticed this problem at Academic Block.,Library,Low
Room maintenance issue,Water supply has been irregular in the hostel. I noticed this problem at Library.,Hostel,Medium
Faculty related issue,My attendance is incorrect in the academic record. The issue is at Laboratory Block.,Academic,Medium
Book return issue,A computer in the library is not working. Students at Hostel A are affected.,Library,Medium
Hostel cleanliness problem,Water supply has been irregular in the hostel. I noticed this problem at Laboratory Block.,Hostel,High
Library timing problem,The digital library is not accessible. Students at Library are affected.,Library,Medium
Hostel room allocation issue,The hostel common area is not being cleaned properly. This has been causing inconvenience at Hostel C.,Hostel,High
Lab safety issue,The laboratory requires maintenance. Students at Hostel A are affected.,Laboratory,Low
Library facility problem,There are not enough seats available in the library. Students at Hostel B are affected.,Library,Medium
Computer network issue,Internet speed is extremely slow. This has been causing inconvenience at Main Gate.,IT / Wi-Fi,Medium
Missing lab equipment,There is a safety issue in the laboratory.,Laboratory,Critical
Lab workstation problem,One of the lab workstations is not working. Students at Library are affected.,Laboratory,Medium
Bus route problem,The college bus arrived late today. Students at Hostel B are affected.,Transport,Medium
Electrical repair required,A maintenance request has been pending.,Maintenance,High
Lab equipment problem,A computer in the laboratory is not functioning.,Laboratory,Medium
Library computer issue,There are not enough seats available in the library. Students at Laboratory Block are affected.,Library,High
Result not updated,The examination schedule has not been updated properly. The issue is at Campus.,Academic,Medium
Campus WiFi issue,I cannot log in to the student portal.,IT / Wi-Fi,Low
Reference book unavailable,The required book is not available in the library. I noticed this problem at Hostel B.,Library,Medium
WiFi not working,The student portal is not working properly. The issue is at Sports Complex.,IT / Wi-Fi,Low
Bus route problem,The college bus service is facing a problem. This has been causing inconvenience at Hostel C.,Transport,Medium
Lab workstation problem,There is a safety issue in the laboratory. Students at Campus are affected.,Laboratory,Critical
Lab workstation problem,The laboratory requires maintenance.,Laboratory,High
Hostel cleanliness problem,The hostel common area is not being cleaned properly. I noticed this problem at Hostel B.,Hostel,Low
Student portal not working,WiFi is not working in my hostel. The issue is at Hostel B.,IT / Wi-Fi,Medium
Hostel room issue,There is an electricity problem in the hostel.,Hostel,Medium
Laboratory facility issue,There is a safety issue in the laboratory. Students at Campus are affected.,Laboratory,Critical
Transport timing problem,The college bus requires maintenance. Students at Laboratory Block are affected.,Transport,Low
Room maintenance issue,There is an electricity problem in the hostel. This has been causing inconvenience at Laboratory Block.,Hostel,High
Attendance issue,My marks have not been updated on the student portal. I noticed this problem at Laboratory Block.,Academic,Low
Student portal not working,The student portal is not working properly. This has been causing inconvenience at Campus.,IT / Wi-Fi,Medium
Broken fan,There is a plumbing problem that needs attention. Students at Computer Lab are affected.,Maintenance,Low
Bus route problem,The college bus arrived late today.,Transport,Low
Hostel cleanliness problem,I have an issue with my hostel room allocation. This has been causing inconvenience at Laboratory Block.,Hostel,High
Internet speed problem,WiFi is not working in my hostel. This has been causing inconvenience at Hostel C.,IT / Wi-Fi,Low
Plumbing problem,A campus facility is damaged and needs repair. This has been causing inconvenience at Main Building.,Maintenance,High
Building maintenance issue,There is a problem with the classroom facilities. The issue is at Academic Block.,Infrastructure,Low
Library book unavailable,The required book is not available in the library. This has been causing inconvenience at Sports Complex.,Library,Medium
Attendance issue,The examination schedule has not been updated properly.,Academic,Low
Internet speed problem,The internet connection is unavailable. Students at Sports Complex are affected.,IT / Wi-Fi,High
Attendance issue,My internal assessment marks appear to be incorrect.,Academic,Medium
Lab safety issue,The laboratory requires maintenance. I noticed this problem at Academic Block.,Laboratory,High
Classroom problem,There is an electrical infrastructure problem. The issue is at Library.,Infrastructure,Low
Bus route problem,There is an issue with the current bus route. Students at Campus are affected.,Transport,Medium
Campus infrastructure problem,Some equipment in the classroom is damaged. I noticed this problem at Academic Block.,Infrastructure,Medium
Electrical infrastructure issue,There is a problem with the classroom facilities.,Infrastructure,Low
Laboratory computer issue,Some required laboratory equipment is missing. The issue is at Main Building.,Laboratory,Low
Classroom problem,There is a problem with the classroom facilities. Students at Sports Complex are affected.,Infrastructure,Medium
Network connection problem,The computer network is not accessible. The issue is at Main Building.,IT / Wi-Fi,Low
Plumbing problem,There is water leakage that requires immediate repair. I noticed this problem at Hostel A.,Maintenance,Medium
Missing lab equipment,There is a problem with the laboratory facilities. This has been causing inconvenience at Campus.,Laboratory,Low
Water supply problem,I have an issue with my hostel room allocation. The issue is at Campus.,Hostel,Medium
Ceiling leakage,Several chairs and desks are damaged. I noticed this problem at Hostel A.,Infrastructure,Medium
Course registration problem,I am unable to submit my assignment through the portal. Students at Main Gate are affected.,Academic,Low
Library facility problem,The library timing is causing difficulty for students. Students at Academic Block are affected.,Library,Medium
Water leakage,The ceiling fan is not working. This has been causing inconvenience at Library.,Maintenance,Medium
Missing lab equipment,A computer in the laboratory is not functioning. The issue is at Laboratory Block.,Laboratory,High
Student portal not working,The computer network is not accessible. I noticed this problem at Library.,IT / Wi-Fi,Medium
WiFi not working,The student portal is not working properly. I noticed this problem at Laboratory Block.,IT / Wi-Fi,Medium
Bathroom issue,There is an electricity problem in the hostel.,Hostel,High
Library book unavailable,A computer in the library is not working. Students at Main Building are affected.,Library,Medium
Attendance issue,My internal assessment marks appear to be incorrect. I noticed this problem at Library.,Academic,High
Room maintenance issue,The hostel common area is not being cleaned properly. The issue is at Main Building.,Hostel,High
Assignment submission issue,I am facing a problem while registering for my course. The issue is at Laboratory Block.,Academic,Medium
Library computer issue,There are not enough seats available in the library. I noticed this problem at Campus.,Library,High
Library facility problem,There are not enough seats available in the library. Students at Campus are affected.,Library,Medium
Maintenance request,The ceiling fan is not working.,Maintenance,Medium
Water leakage,There is a plumbing problem that needs attention. Students at Main Building are affected.,Maintenance,High
Reference book unavailable,The required reference book is unavailable. Students at Computer Lab are affected.,Library,High
College bus issue,There is an issue with the current bus route.,Transport,Medium
Hostel cleanliness problem,The bathroom facilities require attention. Students at Academic Block are affected.,Hostel,Medium
Marks not updated,I am unable to submit my assignment through the portal.,Academic,Low
Transport facility issue,The transport timing is inconvenient. This has been causing inconvenience at Laboratory Block.,Transport,High
Campus WiFi issue,WiFi is not working in my hostel. This has been causing inconvenience at Hostel B.,IT / Wi-Fi,Medium
Electrical infrastructure issue,The classroom infrastructure needs maintenance. Students at Campus are affected.,Infrastructure,Low
College bus issue,The college bus requires maintenance.,Transport,Medium
Transport facility issue,The college bus requires maintenance. This has been causing inconvenience at Hostel C.,Transport,High
Lab safety issue,Practical equipment appears to be damaged. This has been causing inconvenience at Campus.,Laboratory,Medium
Laboratory facility issue,A computer in the laboratory is not functioning. Students at Main Building are affected.,Laboratory,Medium
Digital library issue,A computer in the library is not working. Students at Hostel C are affected.,Library,Medium
Broken fan,The lights in the room are not working. This has been causing inconvenience at Hostel B.,Maintenance,High
Reference book unavailable,A library facility requires maintenance. Students at Hostel A are affected.,Library,High
Water leakage,A maintenance request has been pending. The issue is at Computer Lab.,Maintenance,Medium
Lab workstation problem,One of the lab workstations is not working.,Laboratory,Medium
Transport timing problem,The college bus is overcrowded. This has been causing inconvenience at Laboratory Block.,Transport,Low
Cleaning required,A maintenance request has been pending. This has been causing inconvenience at Hostel C.,Maintenance,Medium
Internal marks issue,My marks have not been updated on the student portal. This has been causing inconvenience at Hostel B.,Academic,Medium
College bus issue,The college bus arrived late today. This has been causing inconvenience at Main Building.,Transport,Medium
Computer network issue,I cannot log in to the student portal. This has been causing inconvenience at Library.,IT / Wi-Fi,Medium
Plumbing problem,An electrical repair is required. The issue is at Computer Lab.,Maintenance,Low
Book return issue,A computer in the library is not working. The issue is at Main Gate.,Library,Low
Student portal not working,WiFi is not working in my hostel. Students at Sports Complex are affected.,IT / Wi-Fi,Medium
Electrical infrastructure issue,Some equipment in the classroom is damaged. Students at Sports Complex are affected.,Infrastructure,High
Laboratory maintenance,Some required laboratory equipment is missing.,Laboratory,Low
Classroom problem,Some equipment in the classroom is damaged. The issue is at Sports Complex.,Infrastructure,Medium
Maintenance request,The lights in the room are not working.,Maintenance,Medium
Bathroom issue,Water supply has been irregular in the hostel. The issue is at Sports Complex.,Hostel,Medium
Cleaning required,An electrical repair is required. I noticed this problem at Campus.,Maintenance,Low
Damaged facility,An electrical repair is required. I noticed this problem at Laboratory Block.,Maintenance,High
Ceiling leakage,Several chairs and desks are damaged. I noticed this problem at Campus.,Infrastructure,High
Transport facility issue,The college bus is overcrowded. Students at Library are affected.,Transport,Low
Laboratory facility issue,There is a safety issue in the laboratory.,Laboratory,Critical
Cleaning required,There is water leakage that requires immediate repair. I noticed this problem at Computer Lab.,Maintenance,Medium
Transport timing problem,The scheduled bus service did not arrive. I noticed this problem at Main Building.,Transport,Medium
Lab equipment problem,There is a safety issue in the laboratory. Students at Hostel B are affected.,Laboratory,Critical
Damaged facility,The lights in the room are not working. This has been causing inconvenience at Computer Lab.,Maintenance,High
Attendance issue,My semester result is still not showing. This has been causing inconvenience at Academic Block.,Academic,Medium
Laboratory maintenance,There is a problem with the laboratory facilities.,Laboratory,Medium
Cleaning required,The area requires proper cleaning. I noticed this problem at Computer Lab.,Maintenance,Medium
Lab safety issue,A computer in the laboratory is not functioning. I noticed this problem at Academic Block.,Laboratory,Low
Building maintenance issue,The building requires maintenance. I noticed this problem at Computer Lab.,Infrastructure,Medium
Hostel cleanliness problem,The bathroom facilities require attention. I noticed this problem at Academic Block.,Hostel,Medium
Lab equipment problem,Some required laboratory equipment is missing. The issue is at Main Building.,Laboratory,Low
Missing lab equipment,There is a problem with the laboratory facilities. The issue is at Hostel B.,Laboratory,Medium
Bus maintenance problem,The college bus requires maintenance. Students at Library are affected.,Transport,Low
Laboratory facility issue,A computer in the laboratory is not functioning. This has been causing inconvenience at Hostel B.,Laboratory,High
Hostel room issue,I have an issue with my hostel room allocation.,Hostel,Medium
Hostel cleanliness problem,Water supply has been irregular in the hostel. This has been causing inconvenience at Campus.,Hostel,Medium
Damaged facility,A campus facility is damaged and needs repair.,Maintenance,High
Lab equipment problem,A computer in the laboratory is not functioning. Students at Academic Block are affected.,Laboratory,Medium
Hostel room allocation issue,The hostel common area is not being cleaned properly.,Hostel,Low
Classroom infrastructure issue,Water is leaking from the classroom ceiling.,Infrastructure,High
Lab equipment problem,There is a safety issue in the laboratory. I noticed this problem at Main Building.,Laboratory,Critical
Bus route problem,The transport timing is inconvenient.,Transport,Medium
Electrical repair required,The lights in the room are not working. Students at Main Gate are affected.,Maintenance,Medium
Broken classroom equipment,The classroom infrastructure needs maintenance. I noticed this problem at Hostel C.,Infrastructure,Medium
Bus route problem,The college bus requires maintenance. This has been causing inconvenience at Main Building.,Transport,Medium
Bus maintenance problem,There is an issue with the current bus route. The issue is at Sports Complex.,Transport,High
Library seat problem,The required book is not available in the library. Students at Hostel B are affected.,Library,Low
Lab equipment problem,Some required laboratory equipment is missing.,Laboratory,High
Missing lab equipment,One of the lab workstations is not working. This has been causing inconvenience at Main Gate.,Laboratory,Low
Missing bus service,There is a problem with the transport facility. I noticed this problem at Library.,Transport,Low
Campus infrastructure problem,Water is leaking from the classroom ceiling. I noticed this problem at Computer Lab.,Infrastructure,High
Faculty related issue,My attendance is incorrect in the academic record. I noticed this problem at Library.,Academic,Medium
Room maintenance issue,There is a problem with my hostel room.,Hostel,High
Water leakage,The lights in the room are not working. I noticed this problem at Campus.,Maintenance,High
Bus delay,The transport timing is inconvenient.,Transport,Medium
Laboratory facility issue,There is a problem with the laboratory facilities. The issue is at Hostel B.,Laboratory,Medium
Classroom problem,The classroom infrastructure needs maintenance. This has been causing inconvenience at Campus.,Infrastructure,Low
Internet connectivity problem,The computer network is not accessible. Students at Hostel B are affected.,IT / Wi-Fi,High
Practical equipment damaged,One of the lab workstations is not working. This has been causing inconvenience at Computer Lab.,Laboratory,Medium
College bus issue,There is a problem with the transport facility.,Transport,Medium
Bathroom issue,My hostel room requires maintenance.,Hostel,Medium
Result not updated,My semester result is still not showing.,Academic,High
Electrical infrastructure issue,There is an electrical infrastructure problem. I noticed this problem at Library.,Infrastructure,High
Missing bus service,The transport timing is inconvenient.,Transport,High
Internet speed problem,WiFi is not working in my hostel. This has been causing inconvenience at Library.,IT / Wi-Fi,High
Broken fan,A campus facility is damaged and needs repair. Students at Hostel A are affected.,Maintenance,Medium
Hostel facility problem,Water supply has been irregular in the hostel. This has been causing inconvenience at Campus.,Hostel,Low
Ceiling leakage,Several chairs and desks are damaged. This has been causing inconvenience at Hostel B.,Infrastructure,Medium
Library facility problem,A computer in the library is not working.,Library,High
Reference book unavailable,The required book is not available in the library. The issue is at Sports Complex.,Library,Medium
Lab safety issue,A computer in the laboratory is not functioning. The issue is at Laboratory Block.,Laboratory,Low
College bus issue,The college bus is overcrowded. The issue is at Hostel A.,Transport,Medium
Result not updated,I am facing a problem while registering for my course. This has been causing inconvenience at Library.,Academic,Medium
Internet speed problem,Campus WiFi keeps disconnecting. Students at Hostel C are affected.,IT / Wi-Fi,Low
Broken light,A campus facility is damaged and needs repair. Students at Sports Complex are affected.,Maintenance,Medium
Bus overcrowding,The college bus requires maintenance. The issue is at Main Building.,Transport,High
Missing lab equipment,A computer in the laboratory is not functioning. I noticed this problem at Computer Lab.,Laboratory,Medium
Plumbing problem,A campus facility is damaged and needs repair. Students at Main Building are affected.,Maintenance,High
Bus route problem,The transport timing is inconvenient.,Transport,Medium
Practical equipment damaged,The equipment required for the practical is not working. This has been causing inconvenience at Main Gate.,Laboratory,Medium
Marks not updated,I need assistance regarding an academic issue. Students at Main Building are affected.,Academic,Medium
Student portal not working,I am facing a network connectivity problem. Students at Main Gate are affected.,IT / Wi-Fi,Low
Result not updated,I need assistance regarding an academic issue.,Academic,Medium
Broken classroom equipment,There is a problem with the classroom facilities. This has been causing inconvenience at Library.,Infrastructure,Medium
Campus WiFi issue,I cannot log in to the student portal.,IT / Wi-Fi,Medium
Classroom problem,There is an electrical infrastructure problem. I noticed this problem at Main Building.,Infrastructure,Low
Bus route problem,The college bus service is facing a problem. This has been causing inconvenience at Academic Block.,Transport,Medium
Room maintenance issue,There is a problem with my hostel room.,Hostel,Low
Missing bus service,The college bus is overcrowded. This has been causing inconvenience at Sports Complex.,Transport,Medium
Hostel cleanliness problem,A basic hostel facility is not working properly.,Hostel,Medium
Internet connectivity problem,The computer network is not accessible. This has been causing inconvenience at Main Building.,IT / Wi-Fi,Low
Classroom infrastructure issue,The classroom infrastructure needs maintenance. This has been causing inconvenience at Main Building.,Infrastructure,Low
Hostel cleanliness problem,I have an issue with my hostel room allocation. This has been causing inconvenience at Laboratory Block.,Hostel,Medium
Broken fan,A maintenance request has been pending. The issue is at Main Gate.,Maintenance,High
Plumbing problem,There is water leakage that requires immediate repair. Students at Library are affected.,Maintenance,High
Transport timing problem,The scheduled bus service did not arrive. I noticed this problem at Hostel B.,Transport,Medium
Internal marks issue,My semester result is still not showing. The issue is at Academic Block.,Academic,High
Hostel cleanliness problem,There is a problem with my hostel room. I noticed this problem at Hostel A.,Hostel,Medium
Building maintenance issue,Some equipment in the classroom is damaged. Students at Campus are affected.,Infrastructure,Medium
Login portal issue,Campus WiFi keeps disconnecting. The issue is at Sports Complex.,IT / Wi-Fi,Medium
Damaged furniture,There is a problem with the classroom facilities. The issue is at Hostel C.,Infrastructure,Low
Classroom infrastructure issue,The campus infrastructure needs attention.,Infrastructure,Medium
Exam schedule problem,My semester result is still not showing. Students at Hostel A are affected.,Academic,High
Water supply problem,A basic hostel facility is not working properly. I noticed this problem at Computer Lab.,Hostel,Low
Transport timing problem,The college bus arrived late today.,Transport,Medium
Bus delay,The college bus arrived late today. This has been causing inconvenience at Computer Lab.,Transport,High
Hostel facility problem,A basic hostel facility is not working properly. The issue is at Hostel B.,Hostel,Medium
Broken classroom equipment,Several chairs and desks are damaged.,Infrastructure,Medium
Plumbing problem,A campus facility is damaged and needs repair.,Maintenance,High
Water supply problem,The hostel common area is not being cleaned properly. This has been causing inconvenience at Laboratory Block.,Hostel,Medium
Cleaning required,A campus facility is damaged and needs repair. This has been causing inconvenience at Laboratory Block.,Maintenance,Low
Library facility problem,The digital library is not accessible. I noticed this problem at Main Gate.,Library,Medium
Electrical infrastructure issue,Some equipment in the classroom is damaged. The issue is at Hostel B.,Infrastructure,Low
Electrical repair required,The area requires proper cleaning.,Maintenance,Low
Library computer issue,A library facility requires maintenance. This has been causing inconvenience at Library.,Library,Low
Practical equipment damaged,The laboratory requires maintenance.,Laboratory,Medium
Electrical infrastructure issue,The building requires maintenance. I noticed this problem at Hostel B.,Infrastructure,Medium
Bathroom issue,The hostel common area is not being cleaned properly.,Hostel,Low
Lab equipment problem,Some required laboratory equipment is missing. I noticed this problem at Main Building.,Laboratory,Medium
Library book unavailable,The library timing is causing difficulty for students.,Library,High
Hostel room allocation issue,There is a problem with my hostel room.,Hostel,Medium
Maintenance request,A campus facility is damaged and needs repair. Students at Library are affected.,Maintenance,Medium
Laboratory maintenance,A computer in the laboratory is not functioning. Students at Hostel A are affected.,Laboratory,Medium
Attendance issue,My semester result is still not showing. This has been causing inconvenience at Computer Lab.,Academic,High
Transport facility issue,The college bus is overcrowded.,Transport,Low
Library facility problem,A computer in the library is not working.,Library,High
Lab equipment problem,There is a safety issue in the laboratory.,Laboratory,Critical
Marks not updated,I am unable to submit my assignment through the portal. Students at Main Building are affected.,Academic,Medium
Practical equipment damaged,The laboratory requires maintenance. The issue is at Hostel B.,Laboratory,High
Broken fan,The ceiling fan is not working.,Maintenance,Medium
Library computer issue,A library facility requires maintenance. This has been causing inconvenience at Hostel A.,Library,Low
Bus route problem,The scheduled bus service did not arrive. This has been causing inconvenience at Sports Complex.,Transport,High
Plumbing problem,An electrical repair is required. The issue is at Laboratory Block.,Maintenance,Medium
Electrical infrastructure issue,The campus infrastructure needs attention. This has been causing inconvenience at Hostel B.,Infrastructure,Low
Internet speed problem,Internet speed is extremely slow. The issue is at Campus.,IT / Wi-Fi,High
Laboratory maintenance,There is a safety issue in the laboratory. Students at Library are affected.,Laboratory,Critical
Water supply problem,The hostel common area is not being cleaned properly. I noticed this problem at Library.,Hostel,Medium
Internet connectivity problem,Campus WiFi keeps disconnecting. Students at Main Building are affected.,IT / Wi-Fi,Medium
Broken classroom equipment,Several chairs and desks are damaged. This has been causing inconvenience at Main Gate.,Infrastructure,High
Missing bus service,The scheduled bus service did not arrive. This has been causing inconvenience at Hostel C.,Transport,Low
Bus maintenance problem,The college bus is overcrowded.,Transport,Low
Library computer issue,There are not enough seats available in the library. This has been causing inconvenience at Computer Lab.,Library,Low
Course registration problem,My semester result is still not showing. The issue is at Hostel B.,Academic,High
Bus delay,The college bus requires maintenance. Students at Sports Complex are affected.,Transport,Medium
College bus issue,The college bus arrived late today. The issue is at Computer Lab.,Transport,Medium
Hostel room allocation issue,There is a problem with my hostel room. This has been causing inconvenience at Academic Block.,Hostel,High
Campus infrastructure problem,The campus infrastructure needs attention. This has been causing inconvenience at Main Building.,Infrastructure,High
Library book unavailable,The digital library is not accessible. I noticed this problem at Hostel B.,Library,Low
Plumbing problem,There is a plumbing problem that needs attention.,Maintenance,Medium
Library computer issue,The library timing is causing difficulty for students. I noticed this problem at Library.,Library,High
Broken classroom equipment,There is a problem with the classroom facilities. This has been causing inconvenience at Campus.,Infrastructure,Medium
Broken classroom equipment,Water is leaking from the classroom ceiling. I noticed this problem at Campus.,Infrastructure,Low
Library seat problem,The library timing is causing difficulty for students. I noticed this problem at Academic Block.,Library,High
Student portal not working,Campus WiFi keeps disconnecting. The issue is at Hostel C.,IT / Wi-Fi,Medium
Hostel room issue,There is an electricity problem in the hostel. Students at Sports Complex are affected.,Hostel,High
Damaged furniture,Several chairs and desks are damaged. Students at Sports Complex are affected.,Infrastructure,High
Internal marks issue,I am facing a problem while registering for my course. Students at Main Gate are affected.,Academic,High
Laboratory facility issue,There is a safety issue in the laboratory. Students at Campus are affected.,Laboratory,Critical
Laboratory facility issue,There is a safety issue in the laboratory.,Laboratory,Critical
Bus maintenance problem,The college bus is overcrowded.,Transport,High
Building maintenance issue,Several chairs and desks are damaged. The issue is at Main Building.,Infrastructure,High
Library computer issue,A computer in the library is not working. The issue is at Main Building.,Library,Medium
Laboratory facility issue,Some required laboratory equipment is missing. The issue is at Laboratory Block.,Laboratory,Medium
Missing bus service,The college bus arrived late today. The issue is at Laboratory Block.,Transport,High
Book return issue,A library facility requires maintenance. I noticed this problem at Hostel B.,Library,Medium
Course registration problem,My attendance is incorrect in the academic record. I noticed this problem at Main Gate.,Academic,Medium
Classroom infrastructure issue,There is a problem with the classroom facilities. Students at Computer Lab are affected.,Infrastructure,High
Bus delay,There is an issue with the current bus route. I noticed this problem at Hostel A.,Transport,Medium
Ceiling leakage,Some equipment in the classroom is damaged. Students at Main Building are affected.,Infrastructure,Medium
Hostel room issue,The hostel common area is not being cleaned properly.,Hostel,High
Water supply problem,A basic hostel facility is not working properly.,Hostel,Low
Campus WiFi issue,I am facing a network connectivity problem. The issue is at Laboratory Block.,IT / Wi-Fi,Medium
Internet speed problem,Campus WiFi keeps disconnecting. The issue is at Main Gate.,IT / Wi-Fi,Medium
Hostel room issue,My hostel room requires maintenance. The issue is at Computer Lab.,Hostel,High
Library seat problem,The required book is not available in the library. The issue is at Library.,Library,Medium
Internet connectivity problem,I cannot log in to the student portal. The issue is at Hostel C.,IT / Wi-Fi,Medium
Library timing problem,The required reference book is unavailable. Students at Computer Lab are affected.,Library,High
Broken classroom equipment,There is an electrical infrastructure problem. I noticed this problem at Hostel A.,Infrastructure,Medium
Assignment submission issue,My marks have not been updated on the student portal. I noticed this problem at Library.,Academic,High
Bus overcrowding,The college bus arrived late today. Students at Main Gate are affected.,Transport,Medium
Library book unavailable,The digital library is not accessible. The issue is at Main Building.,Library,Medium
Maintenance request,A campus facility is damaged and needs repair. I noticed this problem at Laboratory Block.,Maintenance,Medium
Bus maintenance problem,The scheduled bus service did not arrive. I noticed this problem at Campus.,Transport,Low
Electrical repair required,A maintenance request has been pending. Students at Sports Complex are affected.,Maintenance,Medium
Library computer issue,A computer in the library is not working. I noticed this problem at Library.,Library,Medium
Transport facility issue,The college bus service is facing a problem. I noticed this problem at Computer Lab.,Transport,High
Course registration problem,My internal assessment marks appear to be incorrect. The issue is at Main Building.,Academic,Low
Cleaning required,The ceiling fan is not working. Students at Hostel A are affected.,Maintenance,High
Exam schedule problem,My attendance is incorrect in the academic record. I noticed this problem at Academic Block.,Academic,Medium
Water leakage,The ceiling fan is not working. This has been causing inconvenience at Main Gate.,Maintenance,Medium
Reference book unavailable,A computer in the library is not working. Students at Sports Complex are affected.,Library,Medium
Cleaning required,There is a plumbing problem that needs attention. The issue is at Academic Block.,Maintenance,Low
Electrical infrastructure issue,Water is leaking from the classroom ceiling. The issue is at Campus.,Infrastructure,Medium
Laboratory facility issue,There is a safety issue in the laboratory. I noticed this problem at Sports Complex.,Laboratory,Critical
Transport timing problem,There is an issue with the current bus route. The issue is at Hostel C.,Transport,High
Electrical infrastructure issue,Some equipment in the classroom is damaged. I noticed this problem at Main Gate.,Infrastructure,Medium
Bathroom issue,The bathroom facilities require attention. Students at Hostel C are affected.,Hostel,Medium
Internet connectivity problem,The student portal is not working properly. Students at Hostel C are affected.,IT / Wi-Fi,High
Course registration problem,I am facing a problem while registering for my course.,Academic,Medium
Water supply problem,The bathroom facilities require attention. This has been causing inconvenience at Laboratory Block.,Hostel,High
Electrical repair required,The ceiling fan is not working. The issue is at Library.,Maintenance,High
Missing bus service,The college bus service is facing a problem.,Transport,Medium
Ceiling leakage,The classroom infrastructure needs maintenance.,Infrastructure,Medium
Missing lab equipment,Some required laboratory equipment is missing. Students at Library are affected.,Laboratory,Medium
Laboratory computer issue,Practical equipment appears to be damaged.,Laboratory,Medium
Classroom problem,Some equipment in the classroom is damaged. Students at Campus are affected.,Infrastructure,Medium
Campus infrastructure problem,The classroom infrastructure needs maintenance. The issue is at Hostel A.,Infrastructure,Low
Lab safety issue,One of the lab workstations is not working. The issue is at Sports Complex.,Laboratory,High
Practical equipment damaged,There is a problem with the laboratory facilities. This has been causing inconvenience at Academic Block.,Laboratory,Medium
Bus route problem,The college bus arrived late today. This has been causing inconvenience at Hostel C.,Transport,High
Bus maintenance problem,The transport timing is inconvenient.,Transport,Medium
Digital library issue,The digital library is not accessible. Students at Laboratory Block are affected.,Library,Medium
Hostel electricity problem,The hostel common area is not being cleaned properly. The issue is at Computer Lab.,Hostel,Medium
Transport timing problem,The college bus service is facing a problem. The issue is at Hostel B.,Transport,Medium
Maintenance request,The lights in the room are not working. I noticed this problem at Hostel C.,Maintenance,Medium
Campus WiFi issue,The computer network is not accessible. This has been causing inconvenience at Campus.,IT / Wi-Fi,High
Laboratory facility issue,The equipment required for the practical is not working. This has been causing inconvenience at Hostel B.,Laboratory,High
Student portal not working,I cannot log in to the student portal. The issue is at Hostel A.,IT / Wi-Fi,Medium
Bus maintenance problem,The college bus is overcrowded. The issue is at Campus.,Transport,Low
Broken fan,There is a plumbing problem that needs attention. This has been causing inconvenience at Library.,Maintenance,Medium
Internal marks issue,My marks have not been updated on the student portal.,Academic,Medium
Library seat problem,A computer in the library is not working.,Library,High
Laboratory computer issue,Some required laboratory equipment is missing. This has been causing inconvenience at Hostel B.,Laboratory,Medium
Digital library issue,The library timing is causing difficulty for students.,Library,High
Marks not updated,My marks have not been updated on the student portal. I noticed this problem at Hostel C.,Academic,High
College bus issue,The college bus service is facing a problem.,Transport,Medium
Ceiling leakage,There is a problem with the classroom facilities. I noticed this problem at Sports Complex.,Infrastructure,High
Laboratory facility issue,The equipment required for the practical is not working. I noticed this problem at Library.,Laboratory,Low
Plumbing problem,There is water leakage that requires immediate repair. This has been causing inconvenience at Sports Complex.,Maintenance,Medium
WiFi not working,The computer network is not accessible.,IT / Wi-Fi,High
Building maintenance issue,The classroom infrastructure needs maintenance. The issue is at Sports Complex.,Infrastructure,Medium
Faculty related issue,I am facing a problem while registering for my course. Students at Laboratory Block are affected.,Academic,High
Internet speed problem,The computer network is not accessible. Students at Hostel A are affected.,IT / Wi-Fi,Medium
Reference book unavailable,A library facility requires maintenance. Students at Library are affected.,Library,High
Digital library issue,There are not enough seats available in the library. This has been causing inconvenience at Sports Complex.,Library,Medium
Network connection problem,I am facing a network connectivity problem. I noticed this problem at Academic Block.,IT / Wi-Fi,Medium
Computer network issue,I cannot log in to the student portal. I noticed this problem at Computer Lab.,IT / Wi-Fi,Medium
Laboratory computer issue,One of the lab workstations is not working. I noticed this problem at Laboratory Block.,Laboratory,Medium
Lab equipment problem,Practical equipment appears to be damaged. I noticed this problem at Hostel B.,Laboratory,High
Laboratory facility issue,There is a safety issue in the laboratory.,Laboratory,Critical
Practical equipment damaged,Some required laboratory equipment is missing.,Laboratory,Medium
WiFi not working,The student portal is not working properly. Students at Main Gate are affected.,IT / Wi-Fi,Low
Room maintenance issue,There is an electricity problem in the hostel. The issue is at Computer Lab.,Hostel,Medium
Exam schedule problem,My internal assessment marks appear to be incorrect. This has been causing inconvenience at Main Gate.,Academic,High
Network connection problem,I cannot log in to the student portal. The issue is at Main Building.,IT / Wi-Fi,Low
WiFi not working,Campus WiFi keeps disconnecting. Students at Laboratory Block are affected.,IT / Wi-Fi,Low
Damaged facility,The ceiling fan is not working. The issue is at Main Building.,Maintenance,Low
Laboratory computer issue,The laboratory requires maintenance. This has been causing inconvenience at Main Building.,Laboratory,High
Electrical infrastructure issue,There is a problem with the classroom facilities. The issue is at Academic Block.,Infrastructure,Medium
Electrical infrastructure issue,There is a problem with the classroom facilities. The issue is at Hostel C.,Infrastructure,Medium
Lab safety issue,Some required laboratory equipment is missing. This has been causing inconvenience at Sports Complex.,Laboratory,High
Library computer issue,A library facility requires maintenance. The issue is at Main Gate.,Library,Medium
Electrical infrastructure issue,The campus infrastructure needs attention. The issue is at Academic Block.,Infrastructure,Medium
Broken light,A campus facility is damaged and needs repair. I noticed this problem at Main Building.,Maintenance,Medium
Result not updated,I am facing a problem while registering for my course. The issue is at Academic Block.,Academic,Low
Bus overcrowding,The college bus service is facing a problem.,Transport,Medium
Bathroom issue,There is an electricity problem in the hostel. Students at Sports Complex are affected.,Hostel,Medium
Electrical infrastructure issue,Several chairs and desks are damaged.,Infrastructure,Medium
Damaged facility,The lights in the room are not working.,Maintenance,Low
Missing bus service,There is an issue with the current bus route. The issue is at Sports Complex.,Transport,Low
Campus WiFi issue,Campus WiFi keeps disconnecting.,IT / Wi-Fi,High
Hostel cleanliness problem,A basic hostel facility is not working properly.,Hostel,High
Faculty related issue,The examination schedule has not been updated properly. This has been causing inconvenience at Campus.,Academic,High
Faculty related issue,My semester result is still not showing. This has been causing inconvenience at Hostel A.,Academic,Medium
Assignment submission issue,My attendance is incorrect in the academic record. This has been causing inconvenience at Hostel A.,Academic,Medium
Hostel room issue,Water supply has been irregular in the hostel. The issue is at Computer Lab.,Hostel,Medium
Broken fan,The ceiling fan is not working. This has been causing inconvenience at Main Gate.,Maintenance,Medium
Damaged facility,A maintenance request has been pending. The issue is at Laboratory Block.,Maintenance,Medium
Library computer issue,The library timing is causing difficulty for students. This has been causing inconvenience at Campus.,Library,Medium
WiFi not working,WiFi is not working in my hostel. This has been causing inconvenience at Main Building.,IT / Wi-Fi,High
Broken light,The lights in the room are not working. I noticed this problem at Computer Lab.,Maintenance,Medium
Lab safety issue,A computer in the laboratory is not functioning. This has been causing inconvenience at Hostel A.,Laboratory,Low
Student portal not working,The internet connection is unavailable.,IT / Wi-Fi,High
Faculty related issue,My marks have not been updated on the student portal. The issue is at Academic Block.,Academic,High
Transport timing problem,The transport timing is inconvenient. Students at Hostel A are affected.,Transport,Medium
Login portal issue,I cannot log in to the student portal. I noticed this problem at Academic Block.,IT / Wi-Fi,Medium
Internet speed problem,I am facing a network connectivity problem. The issue is at Main Building.,IT / Wi-Fi,Medium
Damaged facility,There is water leakage that requires immediate repair. This has been causing inconvenience at Library.,Maintenance,Medium
Maintenance request,The ceiling fan is not working. This has been causing inconvenience at Main Building.,Maintenance,Medium
Transport timing problem,The transport timing is inconvenient. Students at Main Building are affected.,Transport,High
Internal marks issue,My internal assessment marks appear to be incorrect.,Academic,Medium
Broken light,There is a plumbing problem that needs attention. I noticed this problem at Academic Block.,Maintenance,Low
Missing bus service,There is an issue with the current bus route. Students at Campus are affected.,Transport,Low
Lab workstation problem,The equipment required for the practical is not working. Students at Hostel B are affected.,Laboratory,Medium
Transport timing problem,The scheduled bus service did not arrive. The issue is at Main Building.,Transport,Medium
Internet connectivity problem,The computer network is not accessible.,IT / Wi-Fi,Medium
Broken light,The area requires proper cleaning. This has been causing inconvenience at Main Building.,Maintenance,High
Library seat problem,There are not enough seats available in the library.,Library,High
Bus route problem,The college bus requires maintenance. Students at Library are affected.,Transport,Medium
Library facility problem,The required book is not available in the library. Students at Sports Complex are affected.,Library,Medium
Result not updated,My internal assessment marks appear to be incorrect. Students at Main Building are affected.,Academic,Medium
Book return issue,A library facility requires maintenance. Students at Sports Complex are affected.,Library,High
Library seat problem,The required reference book is unavailable. This has been causing inconvenience at Main Gate.,Library,High
College bus issue,The scheduled bus service did not arrive. Students at Hostel C are affected.,Transport,High
Classroom infrastructure issue,The classroom infrastructure needs maintenance. The issue is at Hostel B.,Infrastructure,Low
Broken fan,The lights in the room are not working. Students at Hostel B are affected.,Maintenance,Low
Computer network issue,I cannot log in to the student portal.,IT / Wi-Fi,High
Bus delay,The college bus arrived late today.,Transport,High
Marks not updated,My semester result is still not showing. I noticed this problem at Campus.,Academic,Low
Broken fan,An electrical repair is required.,Maintenance,Medium
Student portal not working,I am facing a network connectivity problem. I noticed this problem at Library.,IT / Wi-Fi,High
Hostel electricity problem,My hostel room requires maintenance.,Hostel,Medium
Network connection problem,The internet connection is unavailable. The issue is at Main Gate.,IT / Wi-Fi,High
Room maintenance issue,My hostel room requires maintenance.,Hostel,High
Marks not updated,The examination schedule has not been updated properly. This has been causing inconvenience at Hostel B.,Academic,High
Library computer issue,The required book is not available in the library. Students at Academic Block are affected.,Library,High
Lab equipment problem,A computer in the laboratory is not functioning. I noticed this problem at Main Gate.,Laboratory,Low
Campus infrastructure problem,The classroom infrastructure needs maintenance.,Infrastructure,Medium
Electrical repair required,There is a plumbing problem that needs attention.,Maintenance,Medium
Cleaning required,A maintenance request has been pending. The issue is at Hostel C.,Maintenance,Medium
Attendance issue,My internal assessment marks appear to be incorrect. The issue is at Academic Block.,Academic,Medium
Cleaning required,There is water leakage that requires immediate repair. I noticed this problem at Main Gate.,Maintenance,High
Transport timing problem,The scheduled bus service did not arrive. This has been causing inconvenience at Campus.,Transport,High
Ceiling leakage,Some equipment in the classroom is damaged. I noticed this problem at Sports Complex.,Infrastructure,Medium
Water supply problem,The bathroom facilities require attention. This has been causing inconvenience at Hostel C.,Hostel,Medium
Cleaning required,The area requires proper cleaning. The issue is at Hostel B.,Maintenance,Low
Laboratory facility issue,The laboratory requires maintenance. The issue is at Main Building.,Laboratory,Medium
Hostel room allocation issue,My hostel room requires maintenance.,Hostel,High
Hostel room issue,Water supply has been irregular in the hostel.,Hostel,Low
Library facility problem,The required book is not available in the library. This has been causing inconvenience at Main Building.,Library,High
Hostel cleanliness problem,I have an issue with my hostel room allocation. This has been causing inconvenience at Main Gate.,Hostel,Medium
Classroom problem,There is a problem with the classroom facilities. This has been causing inconvenience at Main Building.,Infrastructure,Medium
Hostel room allocation issue,My hostel room requires maintenance. This has been causing inconvenience at Main Building.,Hostel,Medium
Bus route problem,The scheduled bus service did not arrive. Students at Main Building are affected.,Transport,High
Computer network issue,The internet connection is unavailable. I noticed this problem at Hostel C.,IT / Wi-Fi,High
Internal marks issue,I am facing a problem while registering for my course. This has been causing inconvenience at Sports Complex.,Academic,Medium
Missing bus service,There is a problem with the transport facility.,Transport,Medium
Laboratory maintenance,There is a safety issue in the laboratory. I noticed this problem at Computer Lab.,Laboratory,Critical
Ceiling leakage,The campus infrastructure needs attention. This has been causing inconvenience at Main Building.,Infrastructure,Medium
Library facility problem,There are not enough seats available in the library. I noticed this problem at Laboratory Block.,Library,Low
Campus WiFi issue,WiFi is not working in my hostel. Students at Computer Lab are affected.,IT / Wi-Fi,High
Laboratory computer issue,One of the lab workstations is not working. This has been causing inconvenience at Main Gate.,Laboratory,Medium
Lab safety issue,Practical equipment appears to be damaged. Students at Main Gate are affected.,Laboratory,High
Electrical repair required,A campus facility is damaged and needs repair. This has been causing inconvenience at Sports Complex.,Maintenance,High
Water leakage,The area requires proper cleaning.,Maintenance,Low
Hostel cleanliness problem,There is an electricity problem in the hostel.,Hostel,Low
Cleaning required,A maintenance request has been pending. The issue is at Hostel B.,Maintenance,Low
Lab safety issue,There is a safety issue in the laboratory. I noticed this problem at Computer Lab.,Laboratory,Critical
Damaged facility,The ceiling fan is not working. The issue is at Library.,Maintenance,High
Bathroom issue,My hostel room requires maintenance. The issue is at Hostel B.,Hostel,Medium
Library seat problem,The digital library is not accessible. Students at Computer Lab are affected.,Library,High
Reference book unavailable,A computer in the library is not working. This has been causing inconvenience at Computer Lab.,Library,Medium
Bathroom issue,There is a problem with my hostel room. The issue is at Hostel B.,Hostel,Medium
Hostel room allocation issue,The hostel common area is not being cleaned properly. Students at Campus are affected.,Hostel,Medium
Library facility problem,The required reference book is unavailable. This has been causing inconvenience at Academic Block.,Library,High
Damaged furniture,Water is leaking from the classroom ceiling. The issue is at Laboratory Block.,Infrastructure,Medium
Transport facility issue,There is a problem with the transport facility. Students at Hostel A are affected.,Transport,Medium
Laboratory computer issue,A computer in the laboratory is not functioning. Students at Campus are affected.,Laboratory,Medium
Book return issue,The required reference book is unavailable. I noticed this problem at Hostel B.,Library,High
Missing bus service,There is a problem with the transport facility. This has been causing inconvenience at Sports Complex.,Transport,Low
Digital library issue,The required reference book is unavailable. Students at Sports Complex are affected.,Library,High
Laboratory computer issue,Some required laboratory equipment is missing. The issue is at Library.,Laboratory,Medium
Laboratory computer issue,Some required laboratory equipment is missing. Students at Library are affected.,Laboratory,High
Broken fan,A maintenance request has been pending. Students at Laboratory Block are affected.,Maintenance,High
Damaged furniture,There is an electrical infrastructure problem. Students at Main Building are affected.,Infrastructure,Medium
Reference book unavailable,The required book is not available in the library. The issue is at Library.,Library,High
Building maintenance issue,Water is leaking from the classroom ceiling.,Infrastructure,High
Damaged facility,A maintenance request has been pending. This has been causing inconvenience at Computer Lab.,Maintenance,Medium
Hostel room issue,The hostel common area is not being cleaned properly. The issue is at Main Building.,Hostel,Medium
Network connection problem,Campus WiFi keeps disconnecting.,IT / Wi-Fi,High
Water supply problem,The bathroom facilities require attention. I noticed this problem at Campus.,Hostel,Low
Transport timing problem,There is a problem with the transport facility. Students at Hostel B are affected.,Transport,Medium
Faculty related issue,My semester result is still not showing. The issue is at Library.,Academic,High
Hostel cleanliness problem,The hostel common area is not being cleaned properly. I noticed this problem at Sports Complex.,Hostel,High
Damaged furniture,The building requires maintenance. The issue is at Academic Block.,Infrastructure,Medium
Missing lab equipment,The laboratory requires maintenance. I noticed this problem at Main Building.,Laboratory,Medium
Hostel room allocation issue,My hostel room requires maintenance. I noticed this problem at Hostel A.,Hostel,Medium
Building maintenance issue,Several chairs and desks are damaged. Students at Library are affected.,Infrastructure,High
College bus issue,The college bus is overcrowded. This has been causing inconvenience at Main Gate.,Transport,High
Bus route problem,There is an issue with the current bus route.,Transport,Medium
Reference book unavailable,The required reference book is unavailable.,Library,High
Attendance issue,I need assistance regarding an academic issue. I noticed this problem at Main Gate.,Academic,Low
Broken light,A maintenance request has been pending. This has been causing inconvenience at Academic Block.,Maintenance,Medium
Library seat problem,The digital library is not accessible.,Library,Medium
Missing bus service,The college bus arrived late today. The issue is at Hostel A.,Transport,High
Attendance issue,The examination schedule has not been updated properly. This has been causing inconvenience at Computer Lab.,Academic,Low
Broken light,The ceiling fan is not working. I noticed this problem at Main Gate.,Maintenance,Medium
Laboratory computer issue,The laboratory requires maintenance. The issue is at Main Building.,Laboratory,Medium
Classroom infrastructure issue,Water is leaking from the classroom ceiling. I noticed this problem at Main Gate.,Infrastructure,Medium
Electrical repair required,An electrical repair is required. Students at Hostel A are affected.,Maintenance,High
Hostel room allocation issue,The hostel common area is not being cleaned properly. This has been causing inconvenience at Campus.,Hostel,Low
Course registration problem,My attendance is incorrect in the academic record. Students at Laboratory Block are affected.,Academic,High
Hostel cleanliness problem,My hostel room requires maintenance. The issue is at Hostel B.,Hostel,Low
Digital library issue,There are not enough seats available in the library. This has been causing inconvenience at Hostel C.,Library,Medium
Broken classroom equipment,The classroom infrastructure needs maintenance. Students at Sports Complex are affected.,Infrastructure,High
Book return issue,The library timing is causing difficulty for students.,Library,High
Internet connectivity problem,The internet connection is unavailable. The issue is at Hostel C.,IT / Wi-Fi,High
Cleaning required,A maintenance request has been pending. Students at Library are affected.,Maintenance,Medium
Laboratory computer issue,There is a safety issue in the laboratory.,Laboratory,Critical
Lab equipment problem,Practical equipment appears to be damaged.,Laboratory,Medium
Plumbing problem,There is water leakage that requires immediate repair. This has been causing inconvenience at Academic Block.,Maintenance,High
Hostel cleanliness problem,A basic hostel facility is not working properly.,Hostel,Low
Course registration problem,I am facing a problem while registering for my course. This has been causing inconvenience at Hostel C.,Academic,High
Library timing problem,The required reference book is unavailable. The issue is at Hostel B.,Library,High
Hostel room issue,The bathroom facilities require attention. The issue is at Academic Block.,Hostel,Low
Plumbing problem,A maintenance request has been pending. This has been causing inconvenience at Laboratory Block.,Maintenance,Low
Classroom problem,Some equipment in the classroom is damaged. The issue is at Main Building.,Infrastructure,Medium
Campus infrastructure problem,Water is leaking from the classroom ceiling. The issue is at Sports Complex.,Infrastructure,Medium
Broken light,There is water leakage that requires immediate repair. The issue is at Academic Block.,Maintenance,High
Hostel facility problem,There is a problem with my hostel room. Students at Main Building are affected.,Hostel,Low
Exam schedule problem,My marks have not been updated on the student portal. This has been causing inconvenience at Hostel C.,Academic,Medium
Missing lab equipment,The laboratory requires maintenance. I noticed this problem at Hostel C.,Laboratory,Low
Course registration problem,My internal assessment marks appear to be incorrect.,Academic,Low
Laboratory computer issue,There is a problem with the laboratory facilities.,Laboratory,Medium
Faculty related issue,The examination schedule has not been updated properly. Students at Library are affected.,Academic,Medium
Water supply problem,The hostel common area is not being cleaned properly. The issue is at Campus.,Hostel,Low
Assignment submission issue,My marks have not been updated on the student portal. I noticed this problem at Computer Lab.,Academic,High
Damaged furniture,The classroom infrastructure needs maintenance. This has been causing inconvenience at Campus.,Infrastructure,Medium
Book return issue,A library facility requires maintenance. I noticed this problem at Library.,Library,Low
Library computer issue,The required book is not available in the library. Students at Hostel C are affected.,Library,Low
Electrical repair required,A campus facility is damaged and needs repair. I noticed this problem at Main Building.,Maintenance,Medium
Hostel facility problem,There is a problem with my hostel room. Students at Library are affected.,Hostel,Medium
Lab safety issue,There is a problem with the laboratory facilities.,Laboratory,High
Student portal not working,Campus WiFi keeps disconnecting. This has been causing inconvenience at Hostel A.,IT / Wi-Fi,Low
Login portal issue,WiFi is not working in my hostel. The issue is at Library.,IT / Wi-Fi,High
Laboratory computer issue,There is a safety issue in the laboratory. Students at Campus are affected.,Laboratory,Critical
Damaged facility,There is water leakage that requires immediate repair. I noticed this problem at Hostel C.,Maintenance,Low
Assignment submission issue,My internal assessment marks appear to be incorrect. This has been causing inconvenience at Library.,Academic,Low
Hostel room allocation issue,My hostel room requires maintenance.,Hostel,Low
Broken fan,The lights in the room are not working. I noticed this problem at Main Building.,Maintenance,Medium
Cleaning required,The area requires proper cleaning. I noticed this problem at Computer Lab.,Maintenance,Medium
Hostel cleanliness problem,I have an issue with my hostel room allocation. The issue is at Sports Complex.,Hostel,Medium
Hostel room allocation issue,A basic hostel facility is not working properly. I noticed this problem at Computer Lab.,Hostel,High
Hostel electricity problem,The hostel common area is not being cleaned properly. I noticed this problem at Computer Lab.,Hostel,High
Laboratory computer issue,A computer in the laboratory is not functioning. I noticed this problem at Hostel C.,Laboratory,Low
Login portal issue,Campus WiFi keeps disconnecting. Students at Hostel B are affected.,IT / Wi-Fi,Medium
Water leakage,There is a plumbing problem that needs attention. Students at Main Building are affected.,Maintenance,Low
Damaged facility,The lights in the room are not working. This has been causing inconvenience at Hostel B.,Maintenance,Low
Broken classroom equipment,The classroom infrastructure needs maintenance. Students at Hostel A are affected.,Infrastructure,Medium
Internet speed problem,I cannot log in to the student portal. The issue is at Main Gate.,IT / Wi-Fi,Medium
Hostel room issue,Water supply has been irregular in the hostel. This has been causing inconvenience at Academic Block.,Hostel,Medium
Hostel electricity problem,Water supply has been irregular in the hostel. This has been causing inconvenience at Hostel A.,Hostel,Low
Ceiling leakage,Water is leaking from the classroom ceiling. The issue is at Computer Lab.,Infrastructure,High
Broken fan,The area requires proper cleaning. Students at Academic Block are affected.,Maintenance,Medium
Laboratory facility issue,Some required laboratory equipment is missing.,Laboratory,Medium
Laboratory facility issue,One of the lab workstations is not working. This has been causing inconvenience at Campus.,Laboratory,Low
Bathroom issue,My hostel room requires maintenance. This has been causing inconvenience at Hostel C.,Hostel,Medium
WiFi not working,Internet speed is extremely slow. This has been causing inconvenience at Library.,IT / Wi-Fi,High
Digital library issue,A library facility requires maintenance. Students at Main Building are affected.,Library,Low
Book return issue,The required book is not available in the library. The issue is at Main Building.,Library,High
Book return issue,The library timing is causing difficulty for students. Students at Hostel B are affected.,Library,Medium
Lab equipment problem,There is a safety issue in the laboratory. This has been causing inconvenience at Sports Complex.,Laboratory,Critical
Library timing problem,The library timing is causing difficulty for students.,Library,Medium
Library book unavailable,The digital library is not accessible.,Library,Medium
Computer network issue,I am facing a network connectivity problem. This has been causing inconvenience at Hostel C.,IT / Wi-Fi,Low
Hostel room issue,The hostel common area is not being cleaned properly. Students at Sports Complex are affected.,Hostel,Low
Bus delay,The scheduled bus service did not arrive. Students at Sports Complex are affected.,Transport,Medium
Library timing problem,The digital library is not accessible. The issue is at Hostel A.,Library,Medium
Broken classroom equipment,The campus infrastructure needs attention. I noticed this problem at Hostel B.,Infrastructure,High
Hostel electricity problem,The bathroom facilities require attention. Students at Library are affected.,Hostel,Medium
Damaged facility,The area requires proper cleaning.,Maintenance,Medium
Campus WiFi issue,Internet speed is extremely slow. I noticed this problem at Main Building.,IT / Wi-Fi,Medium
Classroom infrastructure issue,Water is leaking from the classroom ceiling. The issue is at Sports Complex.,Infrastructure,Medium
Book return issue,A computer in the library is not working. Students at Computer Lab are affected.,Library,Medium
Hostel cleanliness problem,There is an electricity problem in the hostel. Students at Library are affected.,Hostel,Low
Reference book unavailable,The required book is not available in the library. Students at Main Building are affected.,Library,Medium
Hostel electricity problem,The bathroom facilities require attention. The issue is at Hostel B.,Hostel,Low
Damaged facility,A maintenance request has been pending. This has been causing inconvenience at Hostel C.,Maintenance,High
Cleaning required,A maintenance request has been pending. This has been causing inconvenience at Hostel B.,Maintenance,Medium
Electrical infrastructure issue,Some equipment in the classroom is damaged. I noticed this problem at Hostel A.,Infrastructure,Low
Library seat problem,A computer in the library is not working. I noticed this problem at Hostel B.,Library,Medium
Broken fan,An electrical repair is required. The issue is at Campus.,Maintenance,Medium
Bus delay,There is a problem with the transport facility. Students at Main Gate are affected.,Transport,High
Classroom infrastructure issue,Some equipment in the classroom is damaged. Students at Library are affected.,Infrastructure,Medium
Plumbing problem,There is a plumbing problem that needs attention. Students at Main Building are affected.,Maintenance,Low
Internal marks issue,I need assistance regarding an academic issue. The issue is at Hostel C.,Academic,Medium
Internal marks issue,My attendance is incorrect in the academic record.,Academic,High
Internet connectivity problem,WiFi is not working in my hostel. Students at Academic Block are affected.,IT / Wi-Fi,Medium
Hostel facility problem,Water supply has been irregular in the hostel. This has been causing inconvenience at Main Building.,Hostel,High
Bus overcrowding,There is an issue with the current bus route.,Transport,High
Campus infrastructure problem,Water is leaking from the classroom ceiling. Students at Library are affected.,Infrastructure,High
Result not updated,I need assistance regarding an academic issue. I noticed this problem at Computer Lab.,Academic,Medium
Lab equipment problem,Some required laboratory equipment is missing. The issue is at Main Gate.,Laboratory,Low
Library facility problem,I am facing an issue while returning a library book. The issue is at Campus.,Library,High
Damaged facility,The lights in the room are not working. I noticed this problem at Computer Lab.,Maintenance,Low
Water leakage,The ceiling fan is not working. This has been causing inconvenience at Hostel B.,Maintenance,Medium
Building maintenance issue,The building requires maintenance. The issue is at Hostel C.,Infrastructure,High
Room maintenance issue,The hostel common area is not being cleaned properly. Students at Main Gate are affected.,Hostel,Medium
Library computer issue,A computer in the library is not working.,Library,High
Library seat problem,The required reference book is unavailable.,Library,High
Electrical repair required,A maintenance request has been pending. Students at Hostel C are affected.,Maintenance,Low
Water supply problem,The bathroom facilities require attention. I noticed this problem at Campus.,Hostel,High
Lab workstation problem,There is a problem with the laboratory facilities.,Laboratory,High
Exam schedule problem,My semester result is still not showing. Students at Laboratory Block are affected.,Academic,High
Internal marks issue,I am facing a problem while registering for my course. The issue is at Academic Block.,Academic,High
Laboratory maintenance,The equipment required for the practical is not working. I noticed this problem at Library.,Laboratory,Medium
Laboratory facility issue,A computer in the laboratory is not functioning. Students at Academic Block are affected.,Laboratory,Medium
Missing bus service,The college bus is overcrowded.,Transport,Low
Computer network issue,The student portal is not working properly. This has been causing inconvenience at Laboratory Block.,IT / Wi-Fi,Medium
Exam schedule problem,My attendance is incorrect in the academic record.,Academic,High
Classroom infrastructure issue,Several chairs and desks are damaged. Students at Academic Block are affected.,Infrastructure,Low
WiFi not working,The computer network is not accessible. I noticed this problem at Hostel A.,IT / Wi-Fi,Medium
Laboratory maintenance,There is a problem with the laboratory facilities. This has been causing inconvenience at Campus.,Laboratory,Low
Assignment submission issue,I am facing a problem while registering for my course.,Academic,High
Electrical infrastructure issue,The campus infrastructure needs attention. Students at Library are affected.,Infrastructure,Medium
Bathroom issue,There is a problem with my hostel room. The issue is at Laboratory Block.,Hostel,Medium
Student portal not working,The student portal is not working properly. Students at Main Gate are affected.,IT / Wi-Fi,Medium
Water leakage,There is water leakage that requires immediate repair. Students at Computer Lab are affected.,Maintenance,Medium
Assignment submission issue,My semester result is still not showing. I noticed this problem at Sports Complex.,Academic,Medium
Maintenance request,The area requires proper cleaning. I noticed this problem at Computer Lab.,Maintenance,Medium
Bus overcrowding,There is a problem with the transport facility. The issue is at Sports Complex.,Transport,Low
Library seat problem,There are not enough seats available in the library. The issue is at Main Gate.,Library,High
Hostel electricity problem,The bathroom facilities require attention. I noticed this problem at Main Gate.,Hostel,Medium
Practical equipment damaged,There is a safety issue in the laboratory.,Laboratory,Critical
WiFi not working,Internet speed is extremely slow. I noticed this problem at Main Gate.,IT / Wi-Fi,Medium
Faculty related issue,My semester result is still not showing. This has been causing inconvenience at Main Building.,Academic,High
Water leakage,The lights in the room are not working. Students at Library are affected.,Maintenance,High
Library seat problem,The library timing is causing difficulty for students.,Library,Medium
Laboratory computer issue,There is a problem with the laboratory facilities. I noticed this problem at Hostel C.,Laboratory,Medium
Library computer issue,I am facing an issue while returning a library book. Students at Library are affected.,Library,Medium
Cleaning required,The area requires proper cleaning.,Maintenance,Medium
Bus route problem,The college bus requires maintenance.,Transport,Low
Transport timing problem,There is an issue with the current bus route. This has been causing inconvenience at Main Gate.,Transport,Medium
Water leakage,The ceiling fan is not working. Students at Hostel C are affected.,Maintenance,Medium
Damaged facility,The ceiling fan is not working. Students at Library are affected.,Maintenance,Low
Missing bus service,The college bus service is facing a problem. The issue is at Library.,Transport,Low
Bus overcrowding,The transport timing is inconvenient.,Transport,Medium
Bus route problem,The college bus service is facing a problem. This has been causing inconvenience at Sports Complex.,Transport,High
Maintenance request,A campus facility is damaged and needs repair. The issue is at Laboratory Block.,Maintenance,Low
Login portal issue,WiFi is not working in my hostel.,IT / Wi-Fi,Medium
Marks not updated,I am unable to submit my assignment through the portal. I noticed this problem at Academic Block.,Academic,Medium
Broken classroom equipment,Water is leaking from the classroom ceiling.,Infrastructure,Medium
Broken classroom equipment,The classroom infrastructure needs maintenance. I noticed this problem at Main Building.,Infrastructure,High
Library facility problem,The library timing is causing difficulty for students. This has been causing inconvenience at Library.,Library,Medium
Campus WiFi issue,Internet speed is extremely slow. Students at Hostel A are affected.,IT / Wi-Fi,Medium
Building maintenance issue,The classroom infrastructure needs maintenance.,Infrastructure,Medium
Hostel electricity problem,There is a problem with my hostel room. I noticed this problem at Laboratory Block.,Hostel,Low
Attendance issue,My marks have not been updated on the student portal. The issue is at Hostel A.,Academic,High
Transport facility issue,There is an issue with the current bus route. I noticed this problem at Campus.,Transport,High
Building maintenance issue,The classroom infrastructure needs maintenance. This has been causing inconvenience at Main Building.,Infrastructure,Low
Missing lab equipment,One of the lab workstations is not working.,Laboratory,Low
Laboratory computer issue,A computer in the laboratory is not functioning. Students at Computer Lab are affected.,Laboratory,Medium
Lab safety issue,The laboratory requires maintenance. I noticed this problem at Laboratory Block.,Laboratory,Medium
Faculty related issue,I am unable to submit my assignment through the portal. I noticed this problem at Computer Lab.,Academic,Medium
Marks not updated,My attendance is incorrect in the academic record.,Academic,High
Broken classroom equipment,Some equipment in the classroom is damaged. I noticed this problem at Hostel B.,Infrastructure,Medium
Bus overcrowding,The college bus is overcrowded. The issue is at Computer Lab.,Transport,Low
Classroom infrastructure issue,There is a problem with the classroom facilities. I noticed this problem at Library.,Infrastructure,High
Water supply problem,There is a problem with my hostel room. Students at Hostel A are affected.,Hostel,Medium
Digital library issue,The required reference book is unavailable. I noticed this problem at Sports Complex.,Library,High
Hostel electricity problem,There is an electricity problem in the hostel. The issue is at Hostel C.,Hostel,High
Damaged facility,There is a plumbing problem that needs attention. This has been causing inconvenience at Laboratory Block.,Maintenance,High
Broken classroom equipment,Several chairs and desks are damaged. Students at Hostel A are affected.,Infrastructure,Low
Damaged facility,A campus facility is damaged and needs repair.,Maintenance,High
Library book unavailable,The library timing is causing difficulty for students. This has been causing inconvenience at Computer Lab.,Library,Low
Damaged facility,There is water leakage that requires immediate repair. I noticed this problem at Hostel B.,Maintenance,Medium
Assignment submission issue,I am facing a problem while registering for my course.,Academic,Low
Broken light,A campus facility is damaged and needs repair. This has been causing inconvenience at Library.,Maintenance,Medium
Marks not updated,The examination schedule has not been updated properly. This has been causing inconvenience at Campus.,Academic,High
Broken classroom equipment,There is an electrical infrastructure problem. Students at Library are affected.,Infrastructure,Medium
Lab equipment problem,There is a safety issue in the laboratory. This has been causing inconvenience at Campus.,Laboratory,Critical
Broken light,An electrical repair is required. This has been causing inconvenience at Computer Lab.,Maintenance,High
Hostel facility problem,A basic hostel facility is not working properly. The issue is at Library.,Hostel,High
Attendance issue,My internal assessment marks appear to be incorrect. The issue is at Laboratory Block.,Academic,Low
Bathroom issue,The hostel common area is not being cleaned properly. This has been causing inconvenience at Main Gate.,Hostel,Medium
Library book unavailable,I am facing an issue while returning a library book. I noticed this problem at Computer Lab.,Library,High
Reference book unavailable,A computer in the library is not working. Students at Hostel B are affected.,Library,Low
Digital library issue,There are not enough seats available in the library.,Library,Medium
Hostel room issue,I have an issue with my hostel room allocation. Students at Computer Lab are affected.,Hostel,High
Bathroom issue,The hostel common area is not being cleaned properly. The issue is at Academic Block.,Hostel,High
Computer network issue,The student portal is not working properly. The issue is at Library.,IT / Wi-Fi,High
Attendance issue,I need assistance regarding an academic issue.,Academic,Medium
Bus delay,The college bus arrived late today. This has been causing inconvenience at Campus.,Transport,High
Damaged furniture,Several chairs and desks are damaged. This has been causing inconvenience at Hostel B.,Infrastructure,Medium
Maintenance request,The lights in the room are not working. This has been causing inconvenience at Main Building.,Maintenance,Medium
Laboratory facility issue,Some required laboratory equipment is missing. This has been causing inconvenience at Hostel C.,Laboratory,Medium
Book return issue,I am facing an issue while returning a library book.,Library,Medium
Library timing problem,The library timing is causing difficulty for students.,Library,Medium
Hostel electricity problem,A basic hostel facility is not working properly.,Hostel,High
Lab workstation problem,The equipment required for the practical is not working. The issue is at Campus.,Laboratory,Low
Broken fan,There is water leakage that requires immediate repair. The issue is at Main Gate.,Maintenance,Medium
Missing lab equipment,Practical equipment appears to be damaged. I noticed this problem at Main Gate.,Laboratory,Medium
Result not updated,I am unable to submit my assignment through the portal. The issue is at Campus.,Academic,Medium
Bus route problem,The transport timing is inconvenient.,Transport,High
Network connection problem,WiFi is not working in my hostel. This has been causing inconvenience at Laboratory Block.,IT / Wi-Fi,High
Library book unavailable,The required book is not available in the library. Students at Main Building are affected.,Library,High
Login portal issue,The student portal is not working properly. I noticed this problem at Academic Block.,IT / Wi-Fi,High
Broken classroom equipment,Several chairs and desks are damaged.,Infrastructure,Low
Water leakage,A maintenance request has been pending.,Maintenance,Medium
Damaged furniture,There is a problem with the classroom facilities. I noticed this problem at Hostel A.,Infrastructure,High
Classroom infrastructure issue,Several chairs and desks are damaged.,Infrastructure,Low
Laboratory facility issue,The laboratory requires maintenance. I noticed this problem at Hostel B.,Laboratory,Medium
Broken classroom equipment,Several chairs and desks are damaged.,Infrastructure,High
Hostel electricity problem,The hostel common area is not being cleaned properly. I noticed this problem at Academic Block.,Hostel,Medium
Library seat problem,I am facing an issue while returning a library book.,Library,High
Attendance issue,I am facing a problem while registering for my course. Students at Computer Lab are affected.,Academic,Medium
Course registration problem,My internal assessment marks appear to be incorrect. This has been causing inconvenience at Hostel B.,Academic,Medium
Lab equipment problem,The laboratory requires maintenance.,Laboratory,High
Bus delay,The college bus is overcrowded. Students at Main Gate are affected.,Transport,Medium
Water supply problem,I have an issue with my hostel room allocation.,Hostel,Low
Hostel cleanliness problem,The hostel common area is not being cleaned properly. This has been causing inconvenience at Main Gate.,Hostel,Low
Internet speed problem,The internet connection is unavailable. Students at Main Gate are affected.,IT / Wi-Fi,High
Faculty related issue,I am facing a problem while registering for my course. The issue is at Hostel A.,Academic,Low
Exam schedule problem,My semester result is still not showing. The issue is at Campus.,Academic,Medium
Lab workstation problem,One of the lab workstations is not working. This has been causing inconvenience at Computer Lab.,Laboratory,High
Library book unavailable,A library facility requires maintenance. The issue is at Main Gate.,Library,Low
Hostel room issue,Water supply has been irregular in the hostel.,Hostel,Low
Practical equipment damaged,A computer in the laboratory is not functioning. This has been causing inconvenience at Main Building.,Laboratory,High
Water leakage,A campus facility is damaged and needs repair.,Maintenance,Medium
Ceiling leakage,There is a problem with the classroom facilities. Students at Main Gate are affected.,Infrastructure,Medium
Library book unavailable,The library timing is causing difficulty for students. The issue is at Hostel B.,Library,Low
Electrical repair required,There is a plumbing problem that needs attention. I noticed this problem at Academic Block.,Maintenance,Medium
Broken fan,The ceiling fan is not working. Students at Hostel C are affected.,Maintenance,Medium
Internet connectivity problem,Campus WiFi keeps disconnecting.,IT / Wi-Fi,Low
Bus route problem,The college bus is overcrowded. The issue is at Main Gate.,Transport,Medium
Hostel cleanliness problem,A basic hostel facility is not working properly. I noticed this problem at Library.,Hostel,Medium
Internet connectivity problem,I am facing a network connectivity problem. The issue is at Sports Complex.,IT / Wi-Fi,Medium
Reference book unavailable,The required reference book is unavailable.,Library,High
Missing lab equipment,The laboratory requires maintenance. This has been causing inconvenience at Library.,Laboratory,Medium
Course registration problem,I am unable to submit my assignment through the portal. This has been causing inconvenience at Academic Block.,Academic,Medium
Library timing problem,The digital library is not accessible. This has been causing inconvenience at Computer Lab.,Library,High
Library seat problem,The required reference book is unavailable. The issue is at Campus.,Library,High
Broken classroom equipment,There is a problem with the classroom facilities.,Infrastructure,Medium
Laboratory computer issue,A computer in the laboratory is not functioning.,Laboratory,Low
Broken light,There is water leakage that requires immediate repair. I noticed this problem at Campus.,Maintenance,High
Campus infrastructure problem,Water is leaking from the classroom ceiling.,Infrastructure,Medium
Electrical infrastructure issue,Some equipment in the classroom is damaged. I noticed this problem at Laboratory Block.,Infrastructure,Low
Campus WiFi issue,Campus WiFi keeps disconnecting. Students at Computer Lab are affected.,IT / Wi-Fi,Medium
Electrical infrastructure issue,The campus infrastructure needs attention. Students at Hostel A are affected.,Infrastructure,High
Internet connectivity problem,I am facing a network connectivity problem. Students at Library are affected.,IT / Wi-Fi,Low
Login portal issue,Internet speed is extremely slow. This has been causing inconvenience at Computer Lab.,IT / Wi-Fi,Low
Course registration problem,My attendance is incorrect in the academic record. I noticed this problem at Campus.,Academic,Medium
Ceiling leakage,Water is leaking from the classroom ceiling.,Infrastructure,Low
Lab workstation problem,There is a safety issue in the laboratory. This has been causing inconvenience at Campus.,Laboratory,Critical
Digital library issue,The required reference book is unavailable.,Library,High
Exam schedule problem,I need assistance regarding an academic issue. Students at Hostel C are affected.,Academic,Low
Lab safety issue,Some required laboratory equipment is missing. Students at Hostel C are affected.,Laboratory,Medium
Hostel cleanliness problem,My hostel room requires maintenance. The issue is at Library.,Hostel,High
Bus maintenance problem,The transport timing is inconvenient. Students at Sports Complex are affected.,Transport,High
Assignment submission issue,My marks have not been updated on the student portal.,Academic,Medium
Classroom infrastructure issue,Several chairs and desks are damaged. Students at Hostel A are affected.,Infrastructure,Medium
Ceiling leakage,The classroom infrastructure needs maintenance. I noticed this problem at Main Gate.,Infrastructure,Low
Computer network issue,The computer network is not accessible. Students at Computer Lab are affected.,IT / Wi-Fi,Medium
Broken fan,The ceiling fan is not working.,Maintenance,Medium
Campus infrastructure problem,There is an electrical infrastructure problem.,Infrastructure,Low
Internet speed problem,Internet speed is extremely slow. The issue is at Hostel C.,IT / Wi-Fi,Low
Internet speed problem,Campus WiFi keeps disconnecting. The issue is at Sports Complex.,IT / Wi-Fi,Medium
Bus delay,There is an issue with the current bus route. This has been causing inconvenience at Hostel B.,Transport,Medium
Internal marks issue,My internal assessment marks appear to be incorrect. The issue is at Library.,Academic,High
Computer network issue,Internet speed is extremely slow.,IT / Wi-Fi,Low
Broken fan,There is a plumbing problem that needs attention. Students at Computer Lab are affected.,Maintenance,Low
Lab workstation problem,Practical equipment appears to be damaged. The issue is at Academic Block.,Laboratory,Low
Hostel room issue,My hostel room requires maintenance. Students at Main Gate are affected.,Hostel,Medium
Cleaning required,An electrical repair is required. This has been causing inconvenience at Hostel C.,Maintenance,Medium
Lab workstation problem,The laboratory requires maintenance. I noticed this problem at Sports Complex.,Laboratory,High
Internet speed problem,The computer network is not accessible. I noticed this problem at Hostel C.,IT / Wi-Fi,High
Practical equipment damaged,The laboratory requires maintenance. Students at Laboratory Block are affected.,Laboratory,Low
Computer network issue,Campus WiFi keeps disconnecting. Students at Hostel B are affected.,IT / Wi-Fi,High
Library book unavailable,The library timing is causing difficulty for students. The issue is at Laboratory Block.,Library,Low
Electrical infrastructure issue,Water is leaking from the classroom ceiling. The issue is at Hostel B.,Infrastructure,Medium
Login portal issue,The internet connection is unavailable. The issue is at Sports Complex.,IT / Wi-Fi,High
Maintenance request,There is a plumbing problem that needs attention. The issue is at Sports Complex.,Maintenance,Medium
Bus maintenance problem,The college bus arrived late today.,Transport,Medium
WiFi not working,The student portal is not working properly. Students at Sports Complex are affected.,IT / Wi-Fi,Low
Book return issue,The required book is not available in the library. The issue is at Hostel C.,Library,Medium
Cleaning required,A maintenance request has been pending.,Maintenance,Medium
Attendance issue,My attendance is incorrect in the academic record. I noticed this problem at Campus.,Academic,Medium
Library seat problem,I am facing an issue while returning a library book. Students at Sports Complex are affected.,Library,High
Water leakage,There is a plumbing problem that needs attention. This has been causing inconvenience at Hostel C.,Maintenance,Low
Bathroom issue,There is an electricity problem in the hostel.,Hostel,Medium
Laboratory facility issue,One of the lab workstations is not working. This has been causing inconvenience at Sports Complex.,Laboratory,Medium
Reference book unavailable,The required reference book is unavailable. The issue is at Sports Complex.,Library,High
Bus route problem,The college bus is overcrowded. This has been causing inconvenience at Hostel B.,Transport,Medium
Login portal issue,Internet speed is extremely slow.,IT / Wi-Fi,Low
Lab safety issue,Practical equipment appears to be damaged. This has been causing inconvenience at Hostel B.,Laboratory,Medium
Hostel room allocation issue,A basic hostel facility is not working properly. I noticed this problem at Library.,Hostel,Medium
Missing lab equipment,There is a safety issue in the laboratory. Students at Computer Lab are affected.,Laboratory,Critical
Student portal not working,I am facing a network connectivity problem. Students at Academic Block are affected.,IT / Wi-Fi,Medium
Login portal issue,Campus WiFi keeps disconnecting. The issue is at Hostel B.,IT / Wi-Fi,Low
Bus delay,The college bus arrived late today. I noticed this problem at Computer Lab.,Transport,Medium
Bus overcrowding,The college bus requires maintenance.,Transport,Medium
Broken light,The ceiling fan is not working.,Maintenance,High
Bus delay,The scheduled bus service did not arrive. Students at Laboratory Block are affected.,Transport,High
Hostel facility problem,There is an electricity problem in the hostel. The issue is at Hostel A.,Hostel,Medium
Electrical repair required,The area requires proper cleaning.,Maintenance,Medium
Classroom problem,The building requires maintenance. This has been causing inconvenience at Main Building.,Infrastructure,Medium
Library timing problem,The required reference book is unavailable. Students at Laboratory Block are affected.,Library,High
Cleaning required,The area requires proper cleaning. I noticed this problem at Laboratory Block.,Maintenance,High
Damaged furniture,The building requires maintenance. I noticed this problem at Hostel B.,Infrastructure,Medium
Maintenance request,The lights in the room are not working. Students at Hostel C are affected.,Maintenance,High
Exam schedule problem,My internal assessment marks appear to be incorrect. Students at Computer Lab are affected.,Academic,Medium
Bus overcrowding,The college bus is overcrowded.,Transport,Low
Electrical repair required,The ceiling fan is not working. Students at Hostel A are affected.,Maintenance,Medium
Bus route problem,The college bus requires maintenance. I noticed this problem at Library.,Transport,Medium
Library seat problem,The digital library is not accessible. This has been causing inconvenience at Hostel A.,Library,Low
Book return issue,The library timing is causing difficulty for students. I noticed this problem at Main Building.,Library,Medium
Bus maintenance problem,There is an issue with the current bus route.,Transport,Medium
College bus issue,The college bus service is facing a problem. I noticed this problem at Main Gate.,Transport,High
Electrical repair required,An electrical repair is required. I noticed this problem at Hostel C.,Maintenance,Medium
Digital library issue,There are not enough seats available in the library.,Library,High
Laboratory facility issue,The laboratory requires maintenance.,Laboratory,High
Broken fan,The ceiling fan is not working. Students at Hostel A are affected.,Maintenance,Medium
Laboratory computer issue,There is a safety issue in the laboratory. This has been causing inconvenience at Hostel C.,Laboratory,Critical
Water supply problem,Water supply has been irregular in the hostel.,Hostel,Low
Internal marks issue,My attendance is incorrect in the academic record. I noticed this problem at Hostel B.,Academic,Medium
Room maintenance issue,The bathroom facilities require attention. Students at Academic Block are affected.,Hostel,Medium
College bus issue,The college bus service is facing a problem. Students at Campus are affected.,Transport,Low
Course registration problem,I am facing a problem while registering for my course. This has been causing inconvenience at Computer Lab.,Academic,Medium
College bus issue,The college bus service is facing a problem.,Transport,High
Plumbing problem,The area requires proper cleaning.,Maintenance,Medium
Hostel facility problem,The bathroom facilities require attention. This has been causing inconvenience at Library.,Hostel,Medium
Classroom problem,The classroom infrastructure needs maintenance.,Infrastructure,Medium
Library seat problem,The required reference book is unavailable. The issue is at Campus.,Library,High
Bus maintenance problem,The college bus is overcrowded. This has been causing inconvenience at Hostel A.,Transport,Medium
WiFi not working,I cannot log in to the student portal. This has been causing inconvenience at Academic Block.,IT / Wi-Fi,High
Broken light,The ceiling fan is not working. This has been causing inconvenience at Main Gate.,Maintenance,High
Network connection problem,The internet connection is unavailable. Students at Laboratory Block are affected.,IT / Wi-Fi,High
Practical equipment damaged,Practical equipment appears to be damaged. Students at Laboratory Block are affected.,Laboratory,Low
Damaged furniture,There is a problem with the classroom facilities. This has been causing inconvenience at Hostel B.,Infrastructure,High
Laboratory facility issue,There is a safety issue in the laboratory. The issue is at Library.,Laboratory,Critical
Classroom infrastructure issue,The classroom infrastructure needs maintenance. The issue is at Hostel C.,Infrastructure,Medium
Missing lab equipment,There is a problem with the laboratory facilities. Students at Hostel A are affected.,Laboratory,Low
Classroom infrastructure issue,There is an electrical infrastructure problem. I noticed this problem at Academic Block.,Infrastructure,High
Laboratory facility issue,The laboratory requires maintenance. The issue is at Computer Lab.,Laboratory,Medium
Hostel room allocation issue,There is a problem with my hostel room. This has been causing inconvenience at Main Building.,Hostel,Low
College bus issue,The transport timing is inconvenient. This has been causing inconvenience at Main Building.,Transport,Low
Hostel cleanliness problem,My hostel room requires maintenance. Students at Computer Lab are affected.,Hostel,Low
Computer network issue,The internet connection is unavailable. Students at Campus are affected.,IT / Wi-Fi,High
Transport facility issue,The college bus is overcrowded. Students at Library are affected.,Transport,Low
Bathroom issue,A basic hostel facility is not working properly. I noticed this problem at Main Gate.,Hostel,Medium
Library book unavailable,I am facing an issue while returning a library book. Students at Hostel B are affected.,Library,High
Library book unavailable,The library timing is causing difficulty for students.,Library,Low
Broken light,There is water leakage that requires immediate repair.,Maintenance,High
Campus infrastructure problem,Some equipment in the classroom is damaged. Students at Academic Block are affected.,Infrastructure,High
Hostel electricity problem,There is a problem with my hostel room. I noticed this problem at Hostel A.,Hostel,Medium
Hostel room allocation issue,A basic hostel facility is not working properly. I noticed this problem at Academic Block.,Hostel,Medium
Transport timing problem,The college bus arrived late today. I noticed this problem at Laboratory Block.,Transport,Medium
Lab equipment problem,There is a problem with the laboratory facilities.,Laboratory,Medium
Transport timing problem,The college bus service is facing a problem. I noticed this problem at Campus.,Transport,Medium
Bus overcrowding,The college bus service is facing a problem.,Transport,Medium
Bus overcrowding,The college bus is overcrowded. I noticed this problem at Campus.,Transport,High
Internal marks issue,The examination schedule has not been updated properly.,Academic,Medium
Login portal issue,The internet connection is unavailable.,IT / Wi-Fi,High
Broken light,A campus facility is damaged and needs repair. Students at Campus are affected.,Maintenance,Medium
Library facility problem,The digital library is not accessible. The issue is at Hostel B.,Library,Low
Exam schedule problem,The examination schedule has not been updated properly. Students at Hostel A are affected.,Academic,Low
Transport timing problem,There is an issue with the current bus route.,Transport,High
Bus overcrowding,The college bus arrived late today. Students at Library are affected.,Transport,Low
Assignment submission issue,I need assistance regarding an academic issue. This has been causing inconvenience at Hostel B.,Academic,Low
Library facility problem,The digital library is not accessible.,Library,Medium
Attendance issue,My semester result is still not showing. Students at Hostel B are affected.,Academic,Low
Hostel cleanliness problem,My hostel room requires maintenance. Students at Academic Block are affected.,Hostel,Medium
Ceiling leakage,Some equipment in the classroom is damaged.,Infrastructure,Medium
Transport facility issue,There is an issue with the current bus route. Students at Hostel C are affected.,Transport,High
Library timing problem,The required reference book is unavailable. I noticed this problem at Library.,Library,High
Digital library issue,A library facility requires maintenance. This has been causing inconvenience at Main Gate.,Library,Medium
Student portal not working,Internet speed is extremely slow. I noticed this problem at Campus.,IT / Wi-Fi,Medium
Bus maintenance problem,There is a problem with the transport facility. The issue is at Hostel A.,Transport,Medium
Exam schedule problem,My semester result is still not showing. I noticed this problem at Hostel A.,Academic,Medium
Login portal issue,WiFi is not working in my hostel.,IT / Wi-Fi,Medium
Hostel room issue,A basic hostel facility is not working properly. Students at Library are affected.,Hostel,Medium
Laboratory maintenance,There is a safety issue in the laboratory. I noticed this problem at Academic Block.,Laboratory,Critical
Laboratory computer issue,One of the lab workstations is not working. Students at Sports Complex are affected.,Laboratory,Low
Reference book unavailable,The library timing is causing difficulty for students.,Library,Low
Lab equipment problem,One of the lab workstations is not working. The issue is at Hostel B.,Laboratory,Medium
Library facility problem,A library facility requires maintenance. Students at Hostel B are affected.,Library,Low
Water leakage,There is a plumbing problem that needs attention. The issue is at Campus.,Maintenance,Medium
Campus infrastructure problem,The building requires maintenance. The issue is at Hostel C.,Infrastructure,High
Bus route problem,The transport timing is inconvenient. I noticed this problem at Laboratory Block.,Transport,High
Damaged furniture,The campus infrastructure needs attention. This has been causing inconvenience at Hostel B.,Infrastructure,Low
Plumbing problem,An electrical repair is required.,Maintenance,High
Damaged furniture,There is an electrical infrastructure problem. Students at Campus are affected.,Infrastructure,High
Broken light,The lights in the room are not working. The issue is at Academic Block.,Maintenance,Medium
Cleaning required,An electrical repair is required. This has been causing inconvenience at Hostel B.,Maintenance,High
Digital library issue,I am facing an issue while returning a library book. I noticed this problem at Library.,Library,Low
Missing lab equipment,The laboratory requires maintenance. This has been causing inconvenience at Sports Complex.,Laboratory,Medium
Bus delay,The transport timing is inconvenient. I noticed this problem at Academic Block.,Transport,Medium
Water supply problem,There is a problem with my hostel room.,Hostel,Medium
Lab equipment problem,The laboratory requires maintenance. I noticed this problem at Hostel B.,Laboratory,High
Bus delay,The scheduled bus service did not arrive.,Transport,Medium
Network connection problem,The computer network is not accessible. Students at Sports Complex are affected.,IT / Wi-Fi,Low
Water leakage,There is a plumbing problem that needs attention. The issue is at Hostel C.,Maintenance,Medium
Network connection problem,WiFi is not working in my hostel. The issue is at Computer Lab.,IT / Wi-Fi,Low
Plumbing problem,The area requires proper cleaning. The issue is at Hostel B.,Maintenance,Medium
Broken light,A maintenance request has been pending. The issue is at Campus.,Maintenance,Medium
Bus route problem,The college bus service is facing a problem.,Transport,High
Marks not updated,I am unable to submit my assignment through the portal. I noticed this problem at Campus.,Academic,Medium
Transport facility issue,The college bus service is facing a problem. I noticed this problem at Hostel A.,Transport,Medium
Library seat problem,I am facing an issue while returning a library book. I noticed this problem at Campus.,Library,Low
Lab workstation problem,The equipment required for the practical is not working. I noticed this problem at Campus.,Laboratory,Medium
Campus infrastructure problem,Water is leaking from the classroom ceiling. Students at Main Gate are affected.,Infrastructure,Low
Broken light,A maintenance request has been pending.,Maintenance,Medium
Plumbing problem,The area requires proper cleaning.,Maintenance,Medium
Campus WiFi issue,The student portal is not working properly. I noticed this problem at Hostel C.,IT / Wi-Fi,Medium
Broken fan,The ceiling fan is not working. The issue is at Library.,Maintenance,Low
Campus infrastructure problem,Several chairs and desks are damaged. I noticed this problem at Hostel A.,Infrastructure,High
Plumbing problem,A campus facility is damaged and needs repair. I noticed this problem at Main Gate.,Maintenance,Medium
Internet connectivity problem,Campus WiFi keeps disconnecting. The issue is at Hostel C.,IT / Wi-Fi,Medium
Student portal not working,The student portal is not working properly. The issue is at Main Gate.,IT / Wi-Fi,Medium
Hostel facility problem,I have an issue with my hostel room allocation.,Hostel,High
Library timing problem,A library facility requires maintenance. This has been causing inconvenience at Computer Lab.,Library,Medium
Building maintenance issue,The building requires maintenance. This has been causing inconvenience at Hostel A.,Infrastructure,Low
Lab workstation problem,There is a safety issue in the laboratory. Students at Main Gate are affected.,Laboratory,Critical
Internet connectivity problem,Campus WiFi keeps disconnecting.,IT / Wi-Fi,High
Reference book unavailable,I am facing an issue while returning a library book. This has been causing inconvenience at Laboratory Block.,Library,Low
Cleaning required,A maintenance request has been pending.,Maintenance,Low
Hostel facility problem,A basic hostel facility is not working properly. Students at Hostel A are affected.,Hostel,High
Internal marks issue,My marks have not been updated on the student portal. I noticed this problem at Academic Block.,Academic,High
Plumbing problem,There is a plumbing problem that needs attention. Students at Computer Lab are affected.,Maintenance,High
Lab equipment problem,Some required laboratory equipment is missing. This has been causing inconvenience at Computer Lab.,Laboratory,Low
Hostel room allocation issue,I have an issue with my hostel room allocation. This has been causing inconvenience at Laboratory Block.,Hostel,Medium
Bus delay,The college bus service is facing a problem.,Transport,Medium
Bus route problem,The college bus is overcrowded. Students at Library are affected.,Transport,Low
Water supply problem,A basic hostel facility is not working properly. I noticed this problem at Main Gate.,Hostel,Low
Broken fan,A maintenance request has been pending. This has been causing inconvenience at Campus.,Maintenance,Low
Campus infrastructure problem,Several chairs and desks are damaged. Students at Hostel C are affected.,Infrastructure,Medium
Internal marks issue,My semester result is still not showing. This has been causing inconvenience at Main Building.,Academic,Medium
Broken classroom equipment,Several chairs and desks are damaged. The issue is at Academic Block.,Infrastructure,Medium
Faculty related issue,I need assistance regarding an academic issue.,Academic,Low
Transport timing problem,The transport timing is inconvenient. This has been causing inconvenience at Sports Complex.,Transport,High
Damaged facility,An electrical repair is required.,Maintenance,Low
Network connection problem,The student portal is not working properly. Students at Hostel A are affected.,IT / Wi-Fi,Medium
Course registration problem,My marks have not been updated on the student portal. The issue is at Hostel C.,Academic,Medium
Library computer issue,The required book is not available in the library. This has been causing inconvenience at Hostel B.,Library,Medium
Classroom problem,Several chairs and desks are damaged.,Infrastructure,Medium
Attendance issue,My semester result is still not showing. I noticed this problem at Library.,Academic,High
Room maintenance issue,Water supply has been irregular in the hostel. This has been causing inconvenience at Main Building.,Hostel,Medium
Bathroom issue,There is an electricity problem in the hostel. This has been causing inconvenience at Campus.,Hostel,Medium
WiFi not working,The internet connection is unavailable.,IT / Wi-Fi,High
Hostel facility problem,The bathroom facilities require attention.,Hostel,Medium
Laboratory maintenance,Some required laboratory equipment is missing.,Laboratory,High
Bus maintenance problem,The college bus service is facing a problem. Students at Sports Complex are affected.,Transport,Medium
WiFi not working,The internet connection is unavailable. This has been causing inconvenience at Hostel A.,IT / Wi-Fi,High
Hostel cleanliness problem,My hostel room requires maintenance. The issue is at Laboratory Block.,Hostel,Medium
Book return issue,The required book is not available in the library. Students at Main Gate are affected.,Library,Medium
Laboratory computer issue,Practical equipment appears to be damaged.,Laboratory,Medium
Attendance issue,I am facing a problem while registering for my course. This has been causing inconvenience at Library.,Academic,Low
Building maintenance issue,The campus infrastructure needs attention. This has been causing inconvenience at Library.,Infrastructure,High
Exam schedule problem,I need assistance regarding an academic issue. This has been causing inconvenience at Hostel C.,Academic,Medium
Transport facility issue,The college bus arrived late today. I noticed this problem at Campus.,Transport,Medium
Assignment submission issue,I am facing a problem while registering for my course. The issue is at Library.,Academic,Medium
Lab equipment problem,The laboratory requires maintenance.,Laboratory,Medium
Broken fan,An electrical repair is required. I noticed this problem at Main Building.,Maintenance,Low
Lab workstation problem,A computer in the laboratory is not functioning. Students at Computer Lab are affected.,Laboratory,Medium
Bus overcrowding,The transport timing is inconvenient. I noticed this problem at Campus.,Transport,Medium
Hostel electricity problem,There is a problem with my hostel room. The issue is at Academic Block.,Hostel,High
Faculty related issue,The examination schedule has not been updated properly. I noticed this problem at Academic Block.,Academic,High
Laboratory maintenance,Some required laboratory equipment is missing.,Laboratory,Medium
WiFi not working,The computer network is not accessible.,IT / Wi-Fi,Low
Result not updated,My marks have not been updated on the student portal.,Academic,Low
Reference book unavailable,The required book is not available in the library.,Library,Medium
Result not updated,I am unable to submit my assignment through the portal. Students at Library are affected.,Academic,Medium
Practical equipment damaged,The laboratory requires maintenance. The issue is at Computer Lab.,Laboratory,Medium
Damaged furniture,There is a problem with the classroom facilities. The issue is at Hostel B.,Infrastructure,Low
Login portal issue,I cannot log in to the student portal. Students at Main Building are affected.,IT / Wi-Fi,Medium
Campus WiFi issue,The internet connection is unavailable.,IT / Wi-Fi,High
Reference book unavailable,The required book is not available in the library. The issue is at Hostel C.,Library,High
Attendance issue,My internal assessment marks appear to be incorrect. The issue is at Hostel A.,Academic,High
Broken fan,A campus facility is damaged and needs repair. I noticed this problem at Sports Complex.,Maintenance,Medium
Book return issue,A computer in the library is not working.,Library,Medium
Hostel facility problem,Water supply has been irregular in the hostel. I noticed this problem at Computer Lab.,Hostel,High
Transport timing problem,The transport timing is inconvenient.,Transport,Medium
Library facility problem,The library timing is causing difficulty for students. I noticed this problem at Main Gate.,Library,Medium
Bus maintenance problem,The college bus arrived late today. This has been causing inconvenience at Hostel B.,Transport,Low
Reference book unavailable,The required reference book is unavailable. I noticed this problem at Hostel C.,Library,High
Library timing problem,A computer in the library is not working. The issue is at Laboratory Block.,Library,Medium
Bathroom issue,A basic hostel facility is not working properly.,Hostel,High
Student portal not working,Campus WiFi keeps disconnecting. This has been causing inconvenience at Computer Lab.,IT / Wi-Fi,Low
Book return issue,A library facility requires maintenance.,Library,Medium
Campus WiFi issue,The internet connection is unavailable. This has been causing inconvenience at Sports Complex.,IT / Wi-Fi,High
Hostel facility problem,There is an electricity problem in the hostel. The issue is at Campus.,Hostel,High
Classroom problem,Water is leaking from the classroom ceiling.,Infrastructure,Low
Cleaning required,A campus facility is damaged and needs repair. The issue is at Main Gate.,Maintenance,Low
Campus WiFi issue,WiFi is not working in my hostel. Students at Hostel C are affected.,IT / Wi-Fi,High
Lab workstation problem,There is a problem with the laboratory facilities. Students at Academic Block are affected.,Laboratory,Medium
Practical equipment damaged,One of the lab workstations is not working. The issue is at Library.,Laboratory,Low
Broken fan,There is a plumbing problem that needs attention. I noticed this problem at Hostel A.,Maintenance,Low
Course registration problem,My attendance is incorrect in the academic record. The issue is at Main Building.,Academic,Medium
Maintenance request,The area requires proper cleaning. This has been causing inconvenience at Laboratory Block.,Maintenance,High
Broken light,The ceiling fan is not working. Students at Computer Lab are affected.,Maintenance,Medium
Cleaning required,A maintenance request has been pending. I noticed this problem at Hostel C.,Maintenance,Medium
Classroom infrastructure issue,Some equipment in the classroom is damaged. The issue is at Main Gate.,Infrastructure,Medium
Transport facility issue,The college bus service is facing a problem. Students at Hostel B are affected.,Transport,High
Transport facility issue,The college bus service is facing a problem.,Transport,High
Transport facility issue,The scheduled bus service did not arrive. Students at Academic Block are affected.,Transport,High
Faculty related issue,I am unable to submit my assignment through the portal. I noticed this problem at Campus.,Academic,High
Library book unavailable,The required book is not available in the library. This has been causing inconvenience at Sports Complex.,Library,Medium
Hostel facility problem,Water supply has been irregular in the hostel.,Hostel,Medium
Bus route problem,There is an issue with the current bus route. This has been causing inconvenience at Academic Block.,Transport,Low
Lab equipment problem,The laboratory requires maintenance. The issue is at Campus.,Laboratory,High
Bus maintenance problem,The scheduled bus service did not arrive. I noticed this problem at Laboratory Block.,Transport,Medium
Missing lab equipment,The equipment required for the practical is not working. I noticed this problem at Sports Complex.,Laboratory,Medium
Faculty related issue,The examination schedule has not been updated properly. The issue is at Sports Complex.,Academic,Medium
Result not updated,I need assistance regarding an academic issue. Students at Hostel B are affected.,Academic,Low
Practical equipment damaged,Some required laboratory equipment is missing. I noticed this problem at Sports Complex.,Laboratory,Medium
Lab equipment problem,A computer in the laboratory is not functioning. Students at Sports Complex are affected.,Laboratory,Medium
Missing bus service,The college bus service is facing a problem. Students at Main Building are affected.,Transport,High
Classroom infrastructure issue,The campus infrastructure needs attention. Students at Hostel B are affected.,Infrastructure,Medium
Transport facility issue,There is a problem with the transport facility. This has been causing inconvenience at Academic Block.,Transport,Medium
Login portal issue,WiFi is not working in my hostel. I noticed this problem at Main Gate.,IT / Wi-Fi,Low
Exam schedule problem,I need assistance regarding an academic issue. This has been causing inconvenience at Laboratory Block.,Academic,Medium
Transport timing problem,There is a problem with the transport facility. This has been causing inconvenience at Main Gate.,Transport,High
Missing lab equipment,One of the lab workstations is not working. I noticed this problem at Hostel A.,Laboratory,High
Cleaning required,There is water leakage that requires immediate repair.,Maintenance,Medium
Plumbing problem,The area requires proper cleaning. I noticed this problem at Main Building.,Maintenance,Low
Lab workstation problem,There is a problem with the laboratory facilities. Students at Main Gate are affected.,Laboratory,Medium
Library timing problem,The digital library is not accessible. The issue is at Campus.,Library,Low
Hostel room issue,My hostel room requires maintenance.,Hostel,Low
Missing bus service,The transport timing is inconvenient. I noticed this problem at Main Building.,Transport,Medium
Marks not updated,My attendance is incorrect in the academic record.,Academic,Medium
Water supply problem,Water supply has been irregular in the hostel. Students at Sports Complex are affected.,Hostel,High
Broken classroom equipment,Several chairs and desks are damaged. I noticed this problem at Main Building.,Infrastructure,High
Hostel facility problem,The bathroom facilities require attention. I noticed this problem at Laboratory Block.,Hostel,Medium
Broken classroom equipment,There is a problem with the classroom facilities. This has been causing inconvenience at Hostel A.,Infrastructure,High
Library book unavailable,There are not enough seats available in the library. Students at Main Building are affected.,Library,High
Hostel facility problem,The hostel common area is not being cleaned properly. This has been causing inconvenience at Sports Complex.,Hostel,Medium
Bus route problem,The college bus service is facing a problem. This has been causing inconvenience at Campus.,Transport,Medium
Hostel facility problem,The bathroom facilities require attention. The issue is at Hostel B.,Hostel,Low
Bathroom issue,A basic hostel facility is not working properly. This has been causing inconvenience at Hostel A.,Hostel,Medium
Marks not updated,My internal assessment marks appear to be incorrect. Students at Main Building are affected.,Academic,Medium
Water leakage,A campus facility is damaged and needs repair. This has been causing inconvenience at Computer Lab.,Maintenance,High
Hostel cleanliness problem,There is a problem with my hostel room. This has been causing inconvenience at Laboratory Block.,Hostel,Low
Digital library issue,There are not enough seats available in the library. The issue is at Laboratory Block.,Library,Low
Digital library issue,A computer in the library is not working. I noticed this problem at Computer Lab.,Library,Medium
Classroom infrastructure issue,Water is leaking from the classroom ceiling. Students at Main Gate are affected.,Infrastructure,Medium
Electrical repair required,The area requires proper cleaning. The issue is at Computer Lab.,Maintenance,High
Campus WiFi issue,WiFi is not working in my hostel. The issue is at Academic Block.,IT / Wi-Fi,Medium
Transport facility issue,There is an issue with the current bus route. I noticed this problem at Campus.,Transport,High
Bus delay,The college bus arrived late today. The issue is at Library.,Transport,Medium
Internal marks issue,My attendance is incorrect in the academic record.,Academic,High
Building maintenance issue,Some equipment in the classroom is damaged. Students at Hostel A are affected.,Infrastructure,High
Faculty related issue,My marks have not been updated on the student portal. Students at Academic Block are affected.,Academic,Low
Classroom infrastructure issue,There is a problem with the classroom facilities. This has been causing inconvenience at Hostel B.,Infrastructure,Medium
Water supply problem,Water supply has been irregular in the hostel.,Hostel,Medium
Hostel cleanliness problem,My hostel room requires maintenance. This has been causing inconvenience at Library.,Hostel,Medium
Hostel room allocation issue,There is an electricity problem in the hostel. The issue is at Academic Block.,Hostel,Medium
Library computer issue,A computer in the library is not working. Students at Main Building are affected.,Library,High
Campus infrastructure problem,Several chairs and desks are damaged. Students at Computer Lab are affected.,Infrastructure,Low
Broken classroom equipment,Water is leaking from the classroom ceiling. The issue is at Hostel C.,Infrastructure,High
Hostel room issue,There is a problem with my hostel room. The issue is at Hostel C.,Hostel,Medium
Damaged facility,The ceiling fan is not working. Students at Academic Block are affected.,Maintenance,Medium
Transport facility issue,The transport timing is inconvenient.,Transport,Low
Electrical infrastructure issue,Some equipment in the classroom is damaged. I noticed this problem at Main Gate.,Infrastructure,Medium
Water leakage,The lights in the room are not working. The issue is at Academic Block.,Maintenance,Low
Book return issue,The required reference book is unavailable. Students at Main Gate are affected.,Library,High
Lab equipment problem,There is a safety issue in the laboratory. Students at Hostel B are affected.,Laboratory,Critical
Bus maintenance problem,The college bus service is facing a problem. The issue is at Hostel C.,Transport,Low
Library seat problem,I am facing an issue while returning a library book. I noticed this problem at Laboratory Block.,Library,Medium
Bus delay,There is an issue with the current bus route.,Transport,Medium
Classroom infrastructure issue,There is an electrical infrastructure problem. The issue is at Campus.,Infrastructure,Low
Computer network issue,I cannot log in to the student portal. Students at Laboratory Block are affected.,IT / Wi-Fi,Medium
Internet connectivity problem,I cannot log in to the student portal. The issue is at Academic Block.,IT / Wi-Fi,Medium
Broken light,A maintenance request has been pending. The issue is at Academic Block.,Maintenance,High
Bus delay,There is a problem with the transport facility. Students at Hostel C are affected.,Transport,High
Ceiling leakage,The campus infrastructure needs attention. This has been causing inconvenience at Hostel C.,Infrastructure,Medium
Library seat problem,I am facing an issue while returning a library book. Students at Library are affected.,Library,Low
Result not updated,The examination schedule has not been updated properly. This has been causing inconvenience at Hostel B.,Academic,High
Broken fan,The area requires proper cleaning. I noticed this problem at Academic Block.,Maintenance,Medium
Building maintenance issue,Some equipment in the classroom is damaged.,Infrastructure,High
Computer network issue,The computer network is not accessible. The issue is at Main Building.,IT / Wi-Fi,High
Student portal not working,I cannot log in to the student portal.,IT / Wi-Fi,Medium
Classroom infrastructure issue,Water is leaking from the classroom ceiling. The issue is at Hostel A.,Infrastructure,High
Internal marks issue,My internal assessment marks appear to be incorrect. The issue is at Computer Lab.,Academic,High
Transport timing problem,There is an issue with the current bus route. The issue is at Campus.,Transport,High
Campus WiFi issue,I cannot log in to the student portal. Students at Main Building are affected.,IT / Wi-Fi,Low
Faculty related issue,My semester result is still not showing. This has been causing inconvenience at Hostel C.,Academic,Low
Bus maintenance problem,The college bus service is facing a problem. Students at Laboratory Block are affected.,Transport,Medium
Bus delay,There is an issue with the current bus route. I noticed this problem at Laboratory Block.,Transport,Low
Lab workstation problem,Practical equipment appears to be damaged.,Laboratory,Medium
Hostel electricity problem,There is a problem with my hostel room. I noticed this problem at Campus.,Hostel,Low
Room maintenance issue,There is an electricity problem in the hostel.,Hostel,Low
Digital library issue,The library timing is causing difficulty for students.,Library,Low
Campus WiFi issue,I cannot log in to the student portal.,IT / Wi-Fi,Low
Transport timing problem,The transport timing is inconvenient. I noticed this problem at Library.,Transport,Medium
Plumbing problem,There is water leakage that requires immediate repair. I noticed this problem at Hostel B.,Maintenance,Medium
Bus maintenance problem,There is an issue with the current bus route.,Transport,Medium
Missing bus service,There is an issue with the current bus route. This has been causing inconvenience at Academic Block.,Transport,Low
Room maintenance issue,I have an issue with my hostel room allocation. The issue is at Main Building.,Hostel,Low
Classroom problem,Some equipment in the classroom is damaged. This has been causing inconvenience at Hostel C.,Infrastructure,Medium
WiFi not working,I am facing a network connectivity problem.,IT / Wi-Fi,Medium
Missing bus service,There is a problem with the transport facility. The issue is at Computer Lab.,Transport,Medium
Internet connectivity problem,WiFi is not working in my hostel.,IT / Wi-Fi,Medium
Cleaning required,The area requires proper cleaning.,Maintenance,High
Bus overcrowding,The college bus service is facing a problem. Students at Main Building are affected.,Transport,Medium
Computer network issue,I cannot log in to the student portal. The issue is at Main Building.,IT / Wi-Fi,Medium
Library seat problem,The required reference book is unavailable.,Library,High
Classroom problem,Several chairs and desks are damaged. Students at Hostel C are affected.,Infrastructure,Medium
Internet connectivity problem,WiFi is not working in my hostel.,IT / Wi-Fi,Medium
Bus overcrowding,The scheduled bus service did not arrive. Students at Hostel C are affected.,Transport,Low
Digital library issue,The library timing is causing difficulty for students. This has been causing inconvenience at Library.,Library,Medium
Laboratory computer issue,The equipment required for the practical is not working. This has been causing inconvenience at Laboratory Block.,Laboratory,Medium
Missing bus service,The college bus service is facing a problem.,Transport,Medium
Laboratory facility issue,Practical equipment appears to be damaged. Students at Sports Complex are affected.,Laboratory,High
Library computer issue,The required reference book is unavailable. Students at Hostel A are affected.,Library,High
Bathroom issue,There is a problem with my hostel room.,Hostel,Medium
Missing bus service,There is an issue with the current bus route. The issue is at Library.,Transport,Medium
Network connection problem,The student portal is not working properly. The issue is at Hostel A.,IT / Wi-Fi,High
Room maintenance issue,The hostel common area is not being cleaned properly. I noticed this problem at Computer Lab.,Hostel,Low
Library facility problem,The library timing is causing difficulty for students. I noticed this problem at Laboratory Block.,Library,High
Library book unavailable,There are not enough seats available in the library. I noticed this problem at Library.,Library,Medium
Bus route problem,The transport timing is inconvenient. This has been causing inconvenience at Computer Lab.,Transport,High
Missing lab equipment,One of the lab workstations is not working. Students at Laboratory Block are affected.,Laboratory,Low
Building maintenance issue,There is a problem with the classroom facilities.,Infrastructure,Medium
Room maintenance issue,Water supply has been irregular in the hostel. This has been causing inconvenience at Hostel A.,Hostel,Medium
Broken fan,A campus facility is damaged and needs repair. Students at Sports Complex are affected.,Maintenance,Medium
Ceiling leakage,There is a problem with the classroom facilities. This has been causing inconvenience at Campus.,Infrastructure,Low
Practical equipment damaged,There is a problem with the laboratory facilities. This has been causing inconvenience at Campus.,Laboratory,Medium
Marks not updated,The examination schedule has not been updated properly. I noticed this problem at Main Building.,Academic,High
Bathroom issue,My hostel room requires maintenance. This has been causing inconvenience at Hostel C.,Hostel,Medium
Attendance issue,My semester result is still not showing. The issue is at Computer Lab.,Academic,Medium
Transport facility issue,The college bus is overcrowded. This has been causing inconvenience at Main Gate.,Transport,Low
Library book unavailable,There are not enough seats available in the library.,Library,Low
Campus infrastructure problem,There is an electrical infrastructure problem. I noticed this problem at Hostel C.,Infrastructure,Medium
Result not updated,I am facing a problem while registering for my course. I noticed this problem at Laboratory Block.,Academic,Low
Practical equipment damaged,A computer in the laboratory is not functioning. Students at Campus are affected.,Laboratory,Medium
Hostel room allocation issue,There is an electricity problem in the hostel. I noticed this problem at Library.,Hostel,Medium
Library computer issue,The digital library is not accessible. The issue is at Hostel C.,Library,Medium
Laboratory maintenance,There is a problem with the laboratory facilities. I noticed this problem at Laboratory Block.,Laboratory,Medium
Hostel cleanliness problem,I have an issue with my hostel room allocation. Students at Campus are affected.,Hostel,Medium
Room maintenance issue,A basic hostel facility is not working properly. The issue is at Hostel B.,Hostel,Medium
Faculty related issue,I am facing a problem while registering for my course. I noticed this problem at Main Building.,Academic,Medium
Missing bus service,The college bus service is facing a problem. The issue is at Main Building.,Transport,Low
Campus WiFi issue,Campus WiFi keeps disconnecting. I noticed this problem at Academic Block.,IT / Wi-Fi,Medium
Campus WiFi issue,The internet connection is unavailable. The issue is at Laboratory Block.,IT / Wi-Fi,High
Hostel room issue,A basic hostel facility is not working properly. The issue is at Laboratory Block.,Hostel,Medium
Hostel room issue,There is a problem with my hostel room. The issue is at Computer Lab.,Hostel,Medium
Attendance issue,My semester result is still not showing. The issue is at Main Gate.,Academic,Low
Hostel cleanliness problem,The hostel common area is not being cleaned properly. I noticed this problem at Hostel C.,Hostel,Low
Hostel room allocation issue,The bathroom facilities require attention. I noticed this problem at Sports Complex.,Hostel,Medium
Building maintenance issue,Some equipment in the classroom is damaged.,Infrastructure,Low
Student portal not working,I am facing a network connectivity problem.,IT / Wi-Fi,Low
Hostel cleanliness problem,A basic hostel facility is not working properly.,Hostel,Medium
Bus route problem,The college bus service is facing a problem. This has been causing inconvenience at Library.,Transport,High
Student portal not working,Internet speed is extremely slow. I noticed this problem at Hostel B.,IT / Wi-Fi,Low
Bus route problem,The college bus service is facing a problem. I noticed this problem at Computer Lab.,Transport,Medium
Attendance issue,I am facing a problem while registering for my course. The issue is at Computer Lab.,Academic,High
Laboratory facility issue,Practical equipment appears to be damaged. This has been causing inconvenience at Main Gate.,Laboratory,Medium
Plumbing problem,A maintenance request has been pending. The issue is at Academic Block.,Maintenance,High
Library timing problem,The required book is not available in the library. This has been causing inconvenience at Main Gate.,Library,Low
Damaged facility,An electrical repair is required. Students at Hostel B are affected.,Maintenance,High
Electrical repair required,The ceiling fan is not working. I noticed this problem at Hostel B.,Maintenance,Medium
Book return issue,A library facility requires maintenance. Students at Hostel B are affected.,Library,High
Bus overcrowding,The college bus is overcrowded. This has been causing inconvenience at Main Gate.,Transport,Medium
Transport facility issue,The college bus requires maintenance. I noticed this problem at Campus.,Transport,Medium
Bus route problem,There is an issue with the current bus route. This has been causing inconvenience at Main Building.,Transport,High
Campus WiFi issue,WiFi is not working in my hostel. The issue is at Hostel B.,IT / Wi-Fi,Low
Bus delay,The college bus service is facing a problem.,Transport,Medium
Classroom problem,Some equipment in the classroom is damaged.,Infrastructure,High
Transport timing problem,The college bus is overcrowded. This has been causing inconvenience at Main Gate.,Transport,High
Laboratory maintenance,The equipment required for the practical is not working. This has been causing inconvenience at Hostel A.,Laboratory,Low
Damaged facility,The area requires proper cleaning. This has been causing inconvenience at Laboratory Block.,Maintenance,High
Marks not updated,The examination schedule has not been updated properly. I noticed this problem at Campus.,Academic,Medium
Transport facility issue,The college bus service is facing a problem. This has been causing inconvenience at Main Building.,Transport,High
Hostel facility problem,A basic hostel facility is not working properly.,Hostel,Medium
Internal marks issue,My semester result is still not showing.,Academic,High
Library seat problem,The digital library is not accessible. The issue is at Hostel A.,Library,Low
Campus infrastructure problem,The campus infrastructure needs attention. The issue is at Sports Complex.,Infrastructure,Medium
Electrical repair required,A maintenance request has been pending. I noticed this problem at Library.,Maintenance,High
Library book unavailable,I am facing an issue while returning a library book. Students at Academic Block are affected.,Library,Medium
Water supply problem,The bathroom facilities require attention. I noticed this problem at Hostel B.,Hostel,Medium
Course registration problem,My marks have not been updated on the student portal. This has been causing inconvenience at Computer Lab.,Academic,High
Lab equipment problem,There is a problem with the laboratory facilities. The issue is at Sports Complex.,Laboratory,Medium
Maintenance request,The area requires proper cleaning. The issue is at Sports Complex.,Maintenance,High
Hostel cleanliness problem,There is an electricity problem in the hostel.,Hostel,Medium
Classroom problem,The campus infrastructure needs attention. Students at Laboratory Block are affected.,Infrastructure,High
Hostel cleanliness problem,The bathroom facilities require attention. The issue is at Main Building.,Hostel,Medium
Broken light,An electrical repair is required. The issue is at Sports Complex.,Maintenance,Medium
Laboratory computer issue,There is a problem with the laboratory facilities. Students at Laboratory Block are affected.,Laboratory,Medium
Bathroom issue,The bathroom facilities require attention.,Hostel,Medium
Internet speed problem,Internet speed is extremely slow.,IT / Wi-Fi,High
Classroom infrastructure issue,Several chairs and desks are damaged. This has been causing inconvenience at Sports Complex.,Infrastructure,Medium
Bus overcrowding,There is a problem with the transport facility. The issue is at Sports Complex.,Transport,Medium
Reference book unavailable,The library timing is causing difficulty for students. Students at Academic Block are affected.,Library,Medium
Maintenance request,The area requires proper cleaning. Students at Hostel B are affected.,Maintenance,High
Practical equipment damaged,Some required laboratory equipment is missing.,Laboratory,Medium
Broken light,An electrical repair is required. Students at Hostel C are affected.,Maintenance,Low
Network connection problem,The computer network is not accessible.,IT / Wi-Fi,High
Water leakage,The lights in the room are not working. I noticed this problem at Hostel C.,Maintenance,Medium
Result not updated,My semester result is still not showing.,Academic,Medium
Faculty related issue,My marks have not been updated on the student portal. The issue is at Hostel A.,Academic,Medium
Laboratory computer issue,One of the lab workstations is not working. The issue is at Library.,Laboratory,High
Building maintenance issue,Some equipment in the classroom is damaged.,Infrastructure,Low
Laboratory facility issue,A computer in the laboratory is not functioning.,Laboratory,Low
Digital library issue,A library facility requires maintenance. This has been causing inconvenience at Academic Block.,Library,Medium
Broken classroom equipment,Several chairs and desks are damaged. I noticed this problem at Academic Block.,Infrastructure,High
Plumbing problem,There is water leakage that requires immediate repair.,Maintenance,Medium
Hostel electricity problem,My hostel room requires maintenance. Students at Computer Lab are affected.,Hostel,Medium
Campus infrastructure problem,There is an electrical infrastructure problem. I noticed this problem at Library.,Infrastructure,Low
Marks not updated,I am unable to submit my assignment through the portal.,Academic,High
Laboratory maintenance,A computer in the laboratory is not functioning. Students at Campus are affected.,Laboratory,High
Water leakage,A maintenance request has been pending. I noticed this problem at Main Building.,Maintenance,Low
Network connection problem,The student portal is not working properly. This has been causing inconvenience at Hostel C.,IT / Wi-Fi,Medium
Water leakage,There is a plumbing problem that needs attention. This has been causing inconvenience at Hostel B.,Maintenance,High
Cleaning required,A maintenance request has been pending. Students at Hostel B are affected.,Maintenance,Medium
Hostel electricity problem,My hostel room requires maintenance.,Hostel,Medium
Bus delay,The college bus arrived late today. Students at Main Gate are affected.,Transport,High
Classroom infrastructure issue,Water is leaking from the classroom ceiling. I noticed this problem at Academic Block.,Infrastructure,Medium
Water supply problem,I have an issue with my hostel room allocation.,Hostel,Medium
Cleaning required,A campus facility is damaged and needs repair. Students at Computer Lab are affected.,Maintenance,Medium
Campus infrastructure problem,There is a problem with the classroom facilities. The issue is at Academic Block.,Infrastructure,High
Library timing problem,A library facility requires maintenance.,Library,Medium
Marks not updated,I am unable to submit my assignment through the portal. This has been causing inconvenience at Hostel B.,Academic,Medium
Missing lab equipment,The equipment required for the practical is not working.,Laboratory,High
Missing lab equipment,A computer in the laboratory is not functioning. Students at Library are affected.,Laboratory,Low
Internal marks issue,I need assistance regarding an academic issue. This has been causing inconvenience at Main Gate.,Academic,Low
Student portal not working,The student portal is not working properly. I noticed this problem at Main Building.,IT / Wi-Fi,High
Broken fan,A maintenance request has been pending.,Maintenance,Medium
Lab safety issue,One of the lab workstations is not working. This has been causing inconvenience at Hostel C.,Laboratory,Medium
Result not updated,My semester result is still not showing.,Academic,High
Login portal issue,The computer network is not accessible. The issue is at Hostel B.,IT / Wi-Fi,High
Campus infrastructure problem,Water is leaking from the classroom ceiling. Students at Main Gate are affected.,Infrastructure,High
Plumbing problem,An electrical repair is required.,Maintenance,Low
Course registration problem,I am unable to submit my assignment through the portal. I noticed this problem at Computer Lab.,Academic,Low
Result not updated,My internal assessment marks appear to be incorrect. This has been causing inconvenience at Main Building.,Academic,Medium
Classroom infrastructure issue,Several chairs and desks are damaged. Students at Main Building are affected.,Infrastructure,High
Reference book unavailable,The library timing is causing difficulty for students. I noticed this problem at Hostel B.,Library,High
Classroom problem,Some equipment in the classroom is damaged. The issue is at Library.,Infrastructure,Medium
Bus overcrowding,The scheduled bus service did not arrive. I noticed this problem at Laboratory Block.,Transport,Medium
Laboratory maintenance,One of the lab workstations is not working. I noticed this problem at Hostel C.,Laboratory,High
Electrical infrastructure issue,The classroom infrastructure needs maintenance. Students at Academic Block are affected.,Infrastructure,Low
Campus WiFi issue,WiFi is not working in my hostel. I noticed this problem at Computer Lab.,IT / Wi-Fi,Medium
Transport facility issue,There is an issue with the current bus route. The issue is at Computer Lab.,Transport,High
Reference book unavailable,The required reference book is unavailable. The issue is at Computer Lab.,Library,High
Broken classroom equipment,The campus infrastructure needs attention. Students at Hostel B are affected.,Infrastructure,Medium
Damaged furniture,There is a problem with the classroom facilities.,Infrastructure,Medium
Exam schedule problem,My internal assessment marks appear to be incorrect. Students at Hostel B are affected.,Academic,High
Hostel electricity problem,There is a problem with my hostel room. The issue is at Main Building.,Hostel,High
Library computer issue,The digital library is not accessible. The issue is at Hostel C.,Library,Low
Bus maintenance problem,The college bus requires maintenance. I noticed this problem at Main Gate.,Transport,Low
Library book unavailable,The required reference book is unavailable.,Library,High
Building maintenance issue,The classroom infrastructure needs maintenance. I noticed this problem at Main Gate.,Infrastructure,Medium
Attendance issue,My internal assessment marks appear to be incorrect. This has been causing inconvenience at Hostel B.,Academic,Medium
Building maintenance issue,Water is leaking from the classroom ceiling. The issue is at Hostel B.,Infrastructure,Medium
Ceiling leakage,Water is leaking from the classroom ceiling. Students at Main Building are affected.,Infrastructure,Low
Laboratory facility issue,One of the lab workstations is not working.,Laboratory,Medium
Library computer issue,The digital library is not accessible. Students at Campus are affected.,Library,High
Transport facility issue,The college bus requires maintenance.,Transport,High
Room maintenance issue,There is an electricity problem in the hostel. Students at Sports Complex are affected.,Hostel,High
Electrical repair required,There is water leakage that requires immediate repair. I noticed this problem at Campus.,Maintenance,High
Campus WiFi issue,The computer network is not accessible.,IT / Wi-Fi,Low
Laboratory facility issue,One of the lab workstations is not working. This has been causing inconvenience at Hostel B.,Laboratory,Medium
Damaged furniture,There is a problem with the classroom facilities.,Infrastructure,High
Lab equipment problem,A computer in the laboratory is not functioning.,Laboratory,Low
Maintenance request,An electrical repair is required.,Maintenance,Medium
Library seat problem,A computer in the library is not working. The issue is at Campus.,Library,Low
College bus issue,The college bus service is facing a problem. The issue is at Laboratory Block.,Transport,Low
Plumbing problem,The area requires proper cleaning. This has been causing inconvenience at Sports Complex.,Maintenance,High
Laboratory maintenance,Some required laboratory equipment is missing. Students at Academic Block are affected.,Laboratory,Low
Laboratory computer issue,One of the lab workstations is not working. The issue is at Campus.,Laboratory,Low
Electrical repair required,There is water leakage that requires immediate repair. This has been causing inconvenience at Hostel C.,Maintenance,High
Damaged facility,There is a plumbing problem that needs attention.,Maintenance,Medium
Plumbing problem,An electrical repair is required. Students at Hostel C are affected.,Maintenance,Low
Internet connectivity problem,WiFi is not working in my hostel. The issue is at Academic Block.,IT / Wi-Fi,Medium
College bus issue,The transport timing is inconvenient.,Transport,Medium
Bathroom issue,A basic hostel facility is not working properly. This has been causing inconvenience at Hostel C.,Hostel,High
Attendance issue,The examination schedule has not been updated properly. This has been causing inconvenience at Hostel C.,Academic,High
Bus delay,The college bus requires maintenance. Students at Sports Complex are affected.,Transport,Medium
Lab workstation problem,The equipment required for the practical is not working. The issue is at Library.,Laboratory,Low
Maintenance request,A campus facility is damaged and needs repair.,Maintenance,Medium
Faculty related issue,My internal assessment marks appear to be incorrect.,Academic,High
WiFi not working,WiFi is not working in my hostel.,IT / Wi-Fi,Medium
Bathroom issue,My hostel room requires maintenance. The issue is at Computer Lab.,Hostel,High
Reference book unavailable,A library facility requires maintenance. Students at Hostel A are affected.,Library,Medium
Computer network issue,I cannot log in to the student portal. Students at Computer Lab are affected.,IT / Wi-Fi,Medium
Reference book unavailable,The library timing is causing difficulty for students. This has been causing inconvenience at Main Building.,Library,High
Reference book unavailable,The library timing is causing difficulty for students. Students at Sports Complex are affected.,Library,Medium
Hostel facility problem,I have an issue with my hostel room allocation. Students at Hostel C are affected.,Hostel,Medium
Bus route problem,There is a problem with the transport facility. I noticed this problem at Computer Lab.,Transport,Medium
WiFi not working,WiFi is not working in my hostel. I noticed this problem at Library.,IT / Wi-Fi,Medium
Damaged furniture,The classroom infrastructure needs maintenance. I noticed this problem at Hostel B.,Infrastructure,High
Hostel cleanliness problem,Water supply has been irregular in the hostel. Students at Campus are affected.,Hostel,High
Laboratory maintenance,The laboratory requires maintenance.,Laboratory,Medium
Broken classroom equipment,The classroom infrastructure needs maintenance. This has been causing inconvenience at Computer Lab.,Infrastructure,Low
Water supply problem,There is a problem with my hostel room. The issue is at Campus.,Hostel,Medium
Hostel cleanliness problem,There is an electricity problem in the hostel. I noticed this problem at Hostel C.,Hostel,High
Bus route problem,The college bus service is facing a problem. I noticed this problem at Main Gate.,Transport,Medium
Broken classroom equipment,The building requires maintenance. This has been causing inconvenience at Computer Lab.,Infrastructure,Low
Computer network issue,I cannot log in to the student portal.,IT / Wi-Fi,Medium
Bathroom issue,There is an electricity problem in the hostel. I noticed this problem at Laboratory Block.,Hostel,Medium
Ceiling leakage,The building requires maintenance. This has been causing inconvenience at Hostel C.,Infrastructure,High
Damaged facility,The area requires proper cleaning. This has been causing inconvenience at Hostel A.,Maintenance,Medium
Attendance issue,My attendance is incorrect in the academic record. I noticed this problem at Library.,Academic,High
Ceiling leakage,The classroom infrastructure needs maintenance. The issue is at Laboratory Block.,Infrastructure,Medium
Result not updated,My internal assessment marks appear to be incorrect.,Academic,Medium
Digital library issue,The required book is not available in the library.,Library,Medium
Damaged facility,The lights in the room are not working.,Maintenance,High
Library facility problem,I am facing an issue while returning a library book. The issue is at Main Building.,Library,Low
Library facility problem,The library timing is causing difficulty for students.,Library,Medium
Internet connectivity problem,I am facing a network connectivity problem. I noticed this problem at Campus.,IT / Wi-Fi,Medium
Marks not updated,My semester result is still not showing. I noticed this problem at Academic Block.,Academic,High
Hostel room issue,There is an electricity problem in the hostel.,Hostel,Medium
Hostel room issue,Water supply has been irregular in the hostel. I noticed this problem at Computer Lab.,Hostel,Low
Missing bus service,The transport timing is inconvenient.,Transport,Medium
Library seat problem,There are not enough seats available in the library.,Library,Medium
Broken light,An electrical repair is required.,Maintenance,Medium
Reference book unavailable,A computer in the library is not working. This has been causing inconvenience at Hostel C.,Library,High
Water supply problem,There is a problem with my hostel room. Students at Laboratory Block are affected.,Hostel,High
Computer network issue,The internet connection is unavailable.,IT / Wi-Fi,High
Maintenance request,There is a plumbing problem that needs attention. This has been causing inconvenience at Sports Complex.,Maintenance,High
Bus maintenance problem,There is a problem with the transport facility. Students at Hostel C are affected.,Transport,Medium
Bus maintenance problem,The college bus service is facing a problem.,Transport,Low
Computer network issue,The computer network is not accessible. Students at Hostel A are affected.,IT / Wi-Fi,Medium
Room maintenance issue,Water supply has been irregular in the hostel. I noticed this problem at Hostel B.,Hostel,Medium
Exam schedule problem,My attendance is incorrect in the academic record. I noticed this problem at Library.,Academic,Medium
Practical equipment damaged,There is a problem with the laboratory facilities. Students at Hostel A are affected.,Laboratory,Medium
Water leakage,There is a plumbing problem that needs attention. Students at Main Building are affected.,Maintenance,Medium
Bus delay,There is an issue with the current bus route. I noticed this problem at Campus.,Transport,Low
Internal marks issue,I need assistance regarding an academic issue. I noticed this problem at Sports Complex.,Academic,High
Library facility problem,The required reference book is unavailable. Students at Sports Complex are affected.,Library,High
Electrical infrastructure issue,There is an electrical infrastructure problem. This has been causing inconvenience at Main Gate.,Infrastructure,Medium
Library computer issue,A library facility requires maintenance. Students at Laboratory Block are affected.,Library,High
Library book unavailable,The required reference book is unavailable. The issue is at Main Building.,Library,High
Classroom infrastructure issue,There is a problem with the classroom facilities. The issue is at Campus.,Infrastructure,Low
WiFi not working,The student portal is not working properly.,IT / Wi-Fi,Low
Hostel room allocation issue,There is a problem with my hostel room. Students at Main Building are affected.,Hostel,Medium
Bus route problem,The scheduled bus service did not arrive.,Transport,Low
Bus delay,The scheduled bus service did not arrive. Students at Laboratory Block are affected.,Transport,High
Course registration problem,My internal assessment marks appear to be incorrect. The issue is at Main Building.,Academic,Low
Hostel room allocation issue,The bathroom facilities require attention. Students at Hostel C are affected.,Hostel,Medium
Hostel room allocation issue,The bathroom facilities require attention. Students at Laboratory Block are affected.,Hostel,Low
Library timing problem,The required book is not available in the library. I noticed this problem at Hostel A.,Library,High
Hostel electricity problem,I have an issue with my hostel room allocation. I noticed this problem at Laboratory Block.,Hostel,Medium
Electrical repair required,There is water leakage that requires immediate repair. Students at Academic Block are affected.,Maintenance,Medium
Transport facility issue,There is an issue with the current bus route. The issue is at Main Building.,Transport,Medium
Transport facility issue,There is an issue with the current bus route. The issue is at Computer Lab.,Transport,High
WiFi not working,I am facing a network connectivity problem.,IT / Wi-Fi,Low
Campus WiFi issue,I am facing a network connectivity problem. This has been causing inconvenience at Sports Complex.,IT / Wi-Fi,High
Hostel cleanliness problem,I have an issue with my hostel room allocation.,Hostel,Medium
Internet speed problem,The computer network is not accessible. The issue is at Hostel A.,IT / Wi-Fi,High
Missing lab equipment,The equipment required for the practical is not working. This has been causing inconvenience at Hostel A.,Laboratory,Medium
Lab workstation problem,The laboratory requires maintenance. Students at Main Gate are affected.,Laboratory,Medium
Exam schedule problem,My attendance is incorrect in the academic record. The issue is at Main Building.,Academic,High
Hostel room allocation issue,The bathroom facilities require attention. Students at Laboratory Block are affected.,Hostel,Medium
Library seat problem,The required reference book is unavailable. Students at Main Building are affected.,Library,High
Digital library issue,I am facing an issue while returning a library book.,Library,Medium
Exam schedule problem,My marks have not been updated on the student portal. This has been causing inconvenience at Sports Complex.,Academic,Low
Exam schedule problem,My internal assessment marks appear to be incorrect. This has been causing inconvenience at Campus.,Academic,High
Water supply problem,There is a problem with my hostel room. This has been causing inconvenience at Main Gate.,Hostel,Low
Library facility problem,The digital library is not accessible. Students at Laboratory Block are affected.,Library,Low
Hostel facility problem,There is an electricity problem in the hostel. This has been causing inconvenience at Academic Block.,Hostel,Low
WiFi not working,I am facing a network connectivity problem. I noticed this problem at Main Gate.,IT / Wi-Fi,Medium
Bathroom issue,The hostel common area is not being cleaned properly. This has been causing inconvenience at Academic Block.,Hostel,Medium
Result not updated,I need assistance regarding an academic issue. Students at Sports Complex are affected.,Academic,Low
Internet speed problem,The internet connection is unavailable.,IT / Wi-Fi,High
College bus issue,The transport timing is inconvenient.,Transport,Medium
Hostel room allocation issue,Water supply has been irregular in the hostel. I noticed this problem at Hostel C.,Hostel,Medium
Lab safety issue,The equipment required for the practical is not working.,Laboratory,Medium
Bus delay,There is a problem with the transport facility. The issue is at Main Gate.,Transport,Medium
Maintenance request,There is a plumbing problem that needs attention.,Maintenance,High
Missing bus service,The college bus arrived late today. The issue is at Academic Block.,Transport,Medium
Damaged facility,The area requires proper cleaning. This has been causing inconvenience at Hostel A.,Maintenance,Medium
Library computer issue,The required book is not available in the library. This has been causing inconvenience at Academic Block.,Library,Low
Student portal not working,Campus WiFi keeps disconnecting. I noticed this problem at Library.,IT / Wi-Fi,Low
Hostel room issue,A basic hostel facility is not working properly. The issue is at Laboratory Block.,Hostel,Medium
Lab safety issue,A computer in the laboratory is not functioning. Students at Computer Lab are affected.,Laboratory,Medium
Course registration problem,I am unable to submit my assignment through the portal.,Academic,High
Hostel facility problem,Water supply has been irregular in the hostel. The issue is at Hostel B.,Hostel,Low
Cleaning required,An electrical repair is required. The issue is at Hostel C.,Maintenance,High
Result not updated,My internal assessment marks appear to be incorrect. The issue is at Hostel B.,Academic,Low
Result not updated,My internal assessment marks appear to be incorrect. The issue is at Laboratory Block.,Academic,High
WiFi not working,The computer network is not accessible. This has been causing inconvenience at Laboratory Block.,IT / Wi-Fi,High
Hostel electricity problem,There is a problem with my hostel room.,Hostel,Medium
Internet connectivity problem,The internet connection is unavailable.,IT / Wi-Fi,High
Hostel cleanliness problem,I have an issue with my hostel room allocation.,Hostel,Medium
Library facility problem,The required reference book is unavailable. This has been causing inconvenience at Sports Complex.,Library,High
Building maintenance issue,Several chairs and desks are damaged. The issue is at Hostel A.,Infrastructure,Medium
Lab workstation problem,The laboratory requires maintenance.,Laboratory,Medium
Electrical infrastructure issue,There is a problem with the classroom facilities. I noticed this problem at Sports Complex.,Infrastructure,Medium
Library book unavailable,The library timing is causing difficulty for students. Students at Hostel A are affected.,Library,Low
Cleaning required,The lights in the room are not working. Students at Academic Block are affected.,Maintenance,Low
Book return issue,The required reference book is unavailable.,Library,High
Digital library issue,There are not enough seats available in the library. I noticed this problem at Laboratory Block.,Library,Medium
Hostel facility problem,There is a problem with my hostel room. Students at Computer Lab are affected.,Hostel,Low
Student portal not working,The computer network is not accessible. Students at Sports Complex are affected.,IT / Wi-Fi,Medium
Missing bus service,There is a problem with the transport facility. This has been causing inconvenience at Academic Block.,Transport,Medium
Course registration problem,My marks have not been updated on the student portal. I noticed this problem at Hostel B.,Academic,Low
Hostel room allocation issue,The bathroom facilities require attention. Students at Computer Lab are affected.,Hostel,Medium
Marks not updated,I am unable to submit my assignment through the portal. I noticed this problem at Academic Block.,Academic,Medium
Network connection problem,Campus WiFi keeps disconnecting.,IT / Wi-Fi,Medium
Building maintenance issue,The classroom infrastructure needs maintenance. I noticed this problem at Hostel C.,Infrastructure,Low
Exam schedule problem,My internal assessment marks appear to be incorrect. The issue is at Main Gate.,Academic,Medium
Network connection problem,The computer network is not accessible. I noticed this problem at Academic Block.,IT / Wi-Fi,Medium
Ceiling leakage,Some equipment in the classroom is damaged. Students at Hostel B are affected.,Infrastructure,Medium
Student portal not working,Internet speed is extremely slow. I noticed this problem at Library.,IT / Wi-Fi,High
WiFi not working,The student portal is not working properly. I noticed this problem at Campus.,IT / Wi-Fi,Medium
Book return issue,The required book is not available in the library. I noticed this problem at Main Gate.,Library,Medium
Transport timing problem,There is an issue with the current bus route.,Transport,Low
Ceiling leakage,The campus infrastructure needs attention.,Infrastructure,High
Campus infrastructure problem,The campus infrastructure needs attention. This has been causing inconvenience at Campus.,Infrastructure,High
Bus overcrowding,There is a problem with the transport facility.,Transport,Low
Student portal not working,The student portal is not working properly. Students at Computer Lab are affected.,IT / Wi-Fi,High
Network connection problem,Internet speed is extremely slow.,IT / Wi-Fi,Medium
Library seat problem,A computer in the library is not working. The issue is at Hostel C.,Library,Medium
Missing bus service,The transport timing is inconvenient. The issue is at Sports Complex.,Transport,High
Library facility problem,The required reference book is unavailable. This has been causing inconvenience at Computer Lab.,Library,High
Cleaning required,A campus facility is damaged and needs repair. I noticed this problem at Library.,Maintenance,High
Exam schedule problem,I need assistance regarding an academic issue. I noticed this problem at Academic Block.,Academic,Low
Library computer issue,There are not enough seats available in the library.,Library,Low
Lab safety issue,A computer in the laboratory is not functioning. The issue is at Hostel B.,Laboratory,Medium
Assignment submission issue,I am facing a problem while registering for my course. I noticed this problem at Academic Block.,Academic,Medium
Practical equipment damaged,There is a safety issue in the laboratory. Students at Sports Complex are affected.,Laboratory,Critical
Lab equipment problem,Practical equipment appears to be damaged. I noticed this problem at Main Building.,Laboratory,High
Water leakage,A campus facility is damaged and needs repair.,Maintenance,Medium
Broken light,The lights in the room are not working. This has been causing inconvenience at Academic Block.,Maintenance,Medium
Bus maintenance problem,The scheduled bus service did not arrive. I noticed this problem at Hostel B.,Transport,Medium
Maintenance request,The lights in the room are not working. This has been causing inconvenience at Computer Lab.,Maintenance,Low
Library timing problem,The library timing is causing difficulty for students. The issue is at Main Building.,Library,High
Digital library issue,I am facing an issue while returning a library book. This has been causing inconvenience at Laboratory Block.,Library,High
Laboratory maintenance,The equipment required for the practical is not working. The issue is at Sports Complex.,Laboratory,Medium
Campus infrastructure problem,Water is leaking from the classroom ceiling. Students at Laboratory Block are affected.,Infrastructure,High
Room maintenance issue,The hostel common area is not being cleaned properly. The issue is at Computer Lab.,Hostel,Medium
Bus overcrowding,There is an issue with the current bus route. The issue is at Hostel C.,Transport,Medium
Faculty related issue,My marks have not been updated on the student portal. Students at Hostel C are affected.,Academic,Low
Plumbing problem,The lights in the room are not working. I noticed this problem at Academic Block.,Maintenance,Low
Bus delay,The scheduled bus service did not arrive. The issue is at Campus.,Transport,Medium
Library facility problem,A library facility requires maintenance. The issue is at Hostel C.,Library,Medium
Damaged facility,An electrical repair is required. Students at Laboratory Block are affected.,Maintenance,Medium
Network connection problem,Internet speed is extremely slow. This has been causing inconvenience at Main Gate.,IT / Wi-Fi,Medium
Lab safety issue,There is a problem with the laboratory facilities. Students at Main Building are affected.,Laboratory,Low
Electrical infrastructure issue,Some equipment in the classroom is damaged.,Infrastructure,Medium
Reference book unavailable,The required reference book is unavailable.,Library,High
Attendance issue,My semester result is still not showing. This has been causing inconvenience at Main Gate.,Academic,Medium
Lab workstation problem,Some required laboratory equipment is missing. Students at Laboratory Block are affected.,Laboratory,Medium
Damaged facility,A maintenance request has been pending. Students at Main Gate are affected.,Maintenance,Low
Water leakage,The lights in the room are not working. I noticed this problem at Hostel C.,Maintenance,Medium
Hostel cleanliness problem,A basic hostel facility is not working properly.,Hostel,Low
Library computer issue,A computer in the library is not working. I noticed this problem at Campus.,Library,High
College bus issue,The college bus is overcrowded.,Transport,Low
Bus delay,There is an issue with the current bus route. This has been causing inconvenience at Main Gate.,Transport,High
Library facility problem,I am facing an issue while returning a library book. The issue is at Laboratory Block.,Library,Low
Laboratory computer issue,Some required laboratory equipment is missing. This has been causing inconvenience at Library.,Laboratory,High
Bus route problem,There is an issue with the current bus route. Students at Campus are affected.,Transport,High
Electrical infrastructure issue,There is a problem with the classroom facilities. Students at Hostel C are affected.,Infrastructure,Low
Hostel room allocation issue,The bathroom facilities require attention.,Hostel,High
Broken classroom equipment,The classroom infrastructure needs maintenance. I noticed this problem at Main Gate.,Infrastructure,Medium
Missing bus service,The college bus service is facing a problem. The issue is at Academic Block.,Transport,Medium
Bus delay,There is an issue with the current bus route. I noticed this problem at Laboratory Block.,Transport,High
Marks not updated,My marks have not been updated on the student portal. Students at Laboratory Block are affected.,Academic,Medium
Book return issue,I am facing an issue while returning a library book. The issue is at Hostel B.,Library,High
Marks not updated,I am facing a problem while registering for my course. The issue is at Academic Block.,Academic,Medium
Hostel room allocation issue,I have an issue with my hostel room allocation. This has been causing inconvenience at Hostel A.,Hostel,Low
Digital library issue,I am facing an issue while returning a library book. Students at Sports Complex are affected.,Library,High
Electrical repair required,The lights in the room are not working. The issue is at Academic Block.,Maintenance,Medium
Library timing problem,The required book is not available in the library. I noticed this problem at Laboratory Block.,Library,Low
Broken light,A campus facility is damaged and needs repair. The issue is at Academic Block.,Maintenance,Medium
Library book unavailable,A computer in the library is not working. This has been causing inconvenience at Academic Block.,Library,Medium
Bus route problem,The college bus service is facing a problem. The issue is at Main Building.,Transport,Medium
Broken fan,The area requires proper cleaning. I noticed this problem at Hostel C.,Maintenance,High
Hostel electricity problem,There is a problem with my hostel room.,Hostel,High
Broken light,There is water leakage that requires immediate repair. The issue is at Academic Block.,Maintenance,Low
Lab safety issue,One of the lab workstations is not working.,Laboratory,Low
Exam schedule problem,I am facing a problem while registering for my course. I noticed this problem at Computer Lab.,Academic,Medium
Ceiling leakage,The building requires maintenance. The issue is at Main Gate.,Infrastructure,Medium
Missing bus service,The college bus service is facing a problem. I noticed this problem at Main Building.,Transport,Low
Plumbing problem,There is water leakage that requires immediate repair. I noticed this problem at Academic Block.,Maintenance,Medium
Student portal not working,WiFi is not working in my hostel. Students at Main Gate are affected.,IT / Wi-Fi,Medium
Cleaning required,The ceiling fan is not working. The issue is at Computer Lab.,Maintenance,Low
Bus route problem,The transport timing is inconvenient. Students at Hostel A are affected.,Transport,Medium
Broken classroom equipment,Several chairs and desks are damaged.,Infrastructure,Medium
Internet connectivity problem,Internet speed is extremely slow. I noticed this problem at Computer Lab.,IT / Wi-Fi,Medium
Student portal not working,Internet speed is extremely slow.,IT / Wi-Fi,Medium
Practical equipment damaged,There is a problem with the laboratory facilities. Students at Main Gate are affected.,Laboratory,Medium
Bus route problem,The scheduled bus service did not arrive. This has been causing inconvenience at Laboratory Block.,Transport,Medium
Bus maintenance problem,There is a problem with the transport facility.,Transport,High
Electrical infrastructure issue,The classroom infrastructure needs maintenance. This has been causing inconvenience at Laboratory Block.,Infrastructure,Low
Missing lab equipment,Some required laboratory equipment is missing. This has been causing inconvenience at Main Building.,Laboratory,High
Laboratory facility issue,Practical equipment appears to be damaged.,Laboratory,High
Hostel electricity problem,I have an issue with my hostel room allocation. Students at Computer Lab are affected.,Hostel,Medium
WiFi not working,WiFi is not working in my hostel. I noticed this problem at Campus.,IT / Wi-Fi,High
Maintenance request,A maintenance request has been pending. This has been causing inconvenience at Library.,Maintenance,High
Laboratory computer issue,One of the lab workstations is not working. The issue is at Hostel A.,Laboratory,High
Building maintenance issue,Water is leaking from the classroom ceiling. I noticed this problem at Main Building.,Infrastructure,High
Library book unavailable,A library facility requires maintenance. Students at Laboratory Block are affected.,Library,Medium
Bus delay,The scheduled bus service did not arrive. The issue is at Main Gate.,Transport,Medium
Laboratory facility issue,Some required laboratory equipment is missing. Students at Main Building are affected.,Laboratory,Medium
Attendance issue,My attendance is incorrect in the academic record. This has been causing inconvenience at Main Gate.,Academic,High
Hostel cleanliness problem,My hostel room requires maintenance. This has been causing inconvenience at Hostel C.,Hostel,Medium
Lab workstation problem,Practical equipment appears to be damaged. The issue is at Laboratory Block.,Laboratory,Low
Library timing problem,There are not enough seats available in the library. This has been causing inconvenience at Academic Block.,Library,Medium
Exam schedule problem,I need assistance regarding an academic issue. The issue is at Hostel A.,Academic,Low
Maintenance request,There is a plumbing problem that needs attention. Students at Laboratory Block are affected.,Maintenance,Medium
Library timing problem,The library timing is causing difficulty for students. This has been causing inconvenience at Academic Block.,Library,Medium
Hostel facility problem,The hostel common area is not being cleaned properly. Students at Hostel C are affected.,Hostel,Low
Building maintenance issue,There is a problem with the classroom facilities. This has been causing inconvenience at Laboratory Block.,Infrastructure,Low
Broken classroom equipment,There is a problem with the classroom facilities. This has been causing inconvenience at Hostel B.,Infrastructure,Low
Laboratory computer issue,The laboratory requires maintenance.,Laboratory,Medium
Bus maintenance problem,There is an issue with the current bus route. The issue is at Hostel A.,Transport,Medium
Marks not updated,My attendance is incorrect in the academic record.,Academic,Low
Plumbing problem,A campus facility is damaged and needs repair. I noticed this problem at Computer Lab.,Maintenance,High
Digital library issue,The digital library is not accessible. Students at Library are affected.,Library,Medium
Maintenance request,There is water leakage that requires immediate repair. I noticed this problem at Library.,Maintenance,Low
Faculty related issue,My internal assessment marks appear to be incorrect. The issue is at Hostel C.,Academic,Low
Lab safety issue,The laboratory requires maintenance.,Laboratory,High
Broken light,There is water leakage that requires immediate repair. I noticed this problem at Main Gate.,Maintenance,Low
Library book unavailable,The digital library is not accessible. This has been causing inconvenience at Main Gate.,Library,Medium
Transport facility issue,There is an issue with the current bus route. This has been causing inconvenience at Library.,Transport,High
Room maintenance issue,The bathroom facilities require attention. Students at Sports Complex are affected.,Hostel,Medium
Exam schedule problem,I need assistance regarding an academic issue. I noticed this problem at Hostel B.,Academic,High
Electrical infrastructure issue,Some equipment in the classroom is damaged.,Infrastructure,Medium
Student portal not working,Campus WiFi keeps disconnecting. The issue is at Main Gate.,IT / Wi-Fi,Low
Water leakage,The ceiling fan is not working. This has been causing inconvenience at Library.,Maintenance,Medium
Network connection problem,The computer network is not accessible. The issue is at Main Gate.,IT / Wi-Fi,Medium
Bus route problem,The scheduled bus service did not arrive.,Transport,Low
Library facility problem,A library facility requires maintenance.,Library,High
Student portal not working,I am facing a network connectivity problem. I noticed this problem at Hostel B.,IT / Wi-Fi,Low
Water supply problem,There is an electricity problem in the hostel. Students at Sports Complex are affected.,Hostel,Low
Library timing problem,The digital library is not accessible.,Library,Low
Lab equipment problem,There is a safety issue in the laboratory. This has been causing inconvenience at Laboratory Block.,Laboratory,Critical
Digital library issue,The library timing is causing difficulty for students.,Library,Medium
Room maintenance issue,There is a problem with my hostel room. This has been causing inconvenience at Campus.,Hostel,Medium
Classroom problem,The building requires maintenance. This has been causing inconvenience at Computer Lab.,Infrastructure,Medium
Missing lab equipment,The equipment required for the practical is not working. I noticed this problem at Sports Complex.,Laboratory,Medium
Bathroom issue,A basic hostel facility is not working properly. Students at Main Gate are affected.,Hostel,High
Lab workstation problem,The equipment required for the practical is not working. Students at Library are affected.,Laboratory,Medium
WiFi not working,Campus WiFi keeps disconnecting. This has been causing inconvenience at Computer Lab.,IT / Wi-Fi,Medium
Classroom infrastructure issue,Water is leaking from the classroom ceiling. This has been causing inconvenience at Library.,Infrastructure,High
Library facility problem,A library facility requires maintenance.,Library,Medium
Lab safety issue,One of the lab workstations is not working. Students at Hostel B are affected.,Laboratory,Medium
Result not updated,I need assistance regarding an academic issue. Students at Main Gate are affected.,Academic,Medium
Bus maintenance problem,The college bus is overcrowded. Students at Hostel C are affected.,Transport,Medium
WiFi not working,I cannot log in to the student portal. The issue is at Sports Complex.,IT / Wi-Fi,Medium
Maintenance request,The ceiling fan is not working. The issue is at Hostel A.,Maintenance,Medium
College bus issue,The college bus arrived late today.,Transport,Medium
Broken fan,A maintenance request has been pending. The issue is at Academic Block.,Maintenance,Low
Internet speed problem,The computer network is not accessible.,IT / Wi-Fi,Medium
Electrical repair required,A campus facility is damaged and needs repair. This has been causing inconvenience at Main Gate.,Maintenance,Medium
Missing bus service,The college bus arrived late today. The issue is at Hostel B.,Transport,Low
Hostel facility problem,The hostel common area is not being cleaned properly.,Hostel,High
Laboratory computer issue,Some required laboratory equipment is missing. This has been causing inconvenience at Laboratory Block.,Laboratory,High
Missing lab equipment,A computer in the laboratory is not functioning. The issue is at Library.,Laboratory,Medium
Water leakage,A maintenance request has been pending.,Maintenance,High
Water supply problem,The hostel common area is not being cleaned properly. The issue is at Main Gate.,Hostel,Medium
Classroom infrastructure issue,There is an electrical infrastructure problem. The issue is at Library.,Infrastructure,Low
Building maintenance issue,Several chairs and desks are damaged.,Infrastructure,Medium
Attendance issue,My attendance is incorrect in the academic record. I noticed this problem at Campus.,Academic,Medium
Ceiling leakage,The classroom infrastructure needs maintenance. I noticed this problem at Academic Block.,Infrastructure,Low
Laboratory facility issue,Some required laboratory equipment is missing. This has been causing inconvenience at Sports Complex.,Laboratory,Medium
Book return issue,A computer in the library is not working. The issue is at Main Gate.,Library,Medium
Assignment submission issue,The examination schedule has not been updated properly. Students at Main Building are affected.,Academic,Medium
Login portal issue,I am facing a network connectivity problem.,IT / Wi-Fi,High
Bathroom issue,The bathroom facilities require attention. Students at Laboratory Block are affected.,Hostel,High
Bus route problem,The college bus is overcrowded. This has been causing inconvenience at Main Gate.,Transport,Medium
Internet connectivity problem,I am facing a network connectivity problem. Students at Main Gate are affected.,IT / Wi-Fi,Medium
Ceiling leakage,Several chairs and desks are damaged. This has been causing inconvenience at Library.,Infrastructure,High
Assignment submission issue,My attendance is incorrect in the academic record. The issue is at Main Building.,Academic,Low
Electrical repair required,The area requires proper cleaning. The issue is at Main Gate.,Maintenance,Medium
Library seat problem,The library timing is causing difficulty for students. I noticed this problem at Academic Block.,Library,Low
Room maintenance issue,The hostel common area is not being cleaned properly. The issue is at Laboratory Block.,Hostel,Low
Classroom problem,There is an electrical infrastructure problem.,Infrastructure,Medium
Practical equipment damaged,A computer in the laboratory is not functioning. Students at Hostel A are affected.,Laboratory,Medium
Broken fan,The area requires proper cleaning.,Maintenance,High
College bus issue,The college bus is overcrowded.,Transport,Medium
Damaged furniture,Water is leaking from the classroom ceiling. I noticed this problem at Sports Complex.,Infrastructure,Low
Book return issue,A library facility requires maintenance. Students at Computer Lab are affected.,Library,High
Reference book unavailable,There are not enough seats available in the library. This has been causing inconvenience at Main Building.,Library,Medium
Laboratory computer issue,Practical equipment appears to be damaged. I noticed this problem at Laboratory Block.,Laboratory,Low
Water supply problem,The hostel common area is not being cleaned properly. Students at Hostel B are affected.,Hostel,Low
Bathroom issue,A basic hostel facility is not working properly. This has been causing inconvenience at Hostel A.,Hostel,Medium
Bus maintenance problem,There is an issue with the current bus route. The issue is at Laboratory Block.,Transport,Medium
Internal marks issue,I am facing a problem while registering for my course.,Academic,Low
College bus issue,The transport timing is inconvenient. The issue is at Hostel C.,Transport,Medium
Campus infrastructure problem,The classroom infrastructure needs maintenance. This has been causing inconvenience at Laboratory Block.,Infrastructure,High
Campus infrastructure problem,Some equipment in the classroom is damaged. Students at Library are affected.,Infrastructure,Low
Practical equipment damaged,There is a problem with the laboratory facilities. I noticed this problem at Main Building.,Laboratory,Medium
Internal marks issue,I am unable to submit my assignment through the portal.,Academic,Low
Bus maintenance problem,The college bus arrived late today. The issue is at Library.,Transport,High
Library seat problem,The digital library is not accessible. The issue is at Hostel B.,Library,Medium
Ceiling leakage,The campus infrastructure needs attention. The issue is at Hostel A.,Infrastructure,High
Transport timing problem,There is an issue with the current bus route.,Transport,Medium
Electrical repair required,A campus facility is damaged and needs repair. Students at Hostel A are affected.,Maintenance,Medium
Computer network issue,Internet speed is extremely slow. I noticed this problem at Library.,IT / Wi-Fi,Medium
Broken fan,There is a plumbing problem that needs attention. This has been causing inconvenience at Hostel B.,Maintenance,High
Damaged furniture,The campus infrastructure needs attention. The issue is at Laboratory Block.,Infrastructure,Medium
Internet connectivity problem,The student portal is not working properly. The issue is at Main Building.,IT / Wi-Fi,Medium
Maintenance request,The area requires proper cleaning. Students at Hostel A are affected.,Maintenance,Medium
Bus overcrowding,There is an issue with the current bus route. This has been causing inconvenience at Laboratory Block.,Transport,High
Campus infrastructure problem,Water is leaking from the classroom ceiling. This has been causing inconvenience at Campus.,Infrastructure,Medium
Water supply problem,There is a problem with my hostel room. Students at Hostel C are affected.,Hostel,Medium
Assignment submission issue,My marks have not been updated on the student portal. I noticed this problem at Main Gate.,Academic,High
Internal marks issue,I need assistance regarding an academic issue. I noticed this problem at Main Building.,Academic,High
Room maintenance issue,The hostel common area is not being cleaned properly. Students at Sports Complex are affected.,Hostel,Medium
Network connection problem,The internet connection is unavailable. Students at Main Building are affected.,IT / Wi-Fi,High
Broken light,A campus facility is damaged and needs repair.,Maintenance,Medium
Campus WiFi issue,The student portal is not working properly. Students at Hostel B are affected.,IT / Wi-Fi,High
Result not updated,I am unable to submit my assignment through the portal. This has been causing inconvenience at Hostel C.,Academic,Low
Internet connectivity problem,WiFi is not working in my hostel. This has been causing inconvenience at Laboratory Block.,IT / Wi-Fi,Medium
Student portal not working,I cannot log in to the student portal. This has been causing inconvenience at Laboratory Block.,IT / Wi-Fi,Low
Water leakage,There is a plumbing problem that needs attention. I noticed this problem at Hostel B.,Maintenance,Medium
Laboratory maintenance,One of the lab workstations is not working. I noticed this problem at Academic Block.,Laboratory,Low
Classroom infrastructure issue,The classroom infrastructure needs maintenance. I noticed this problem at Hostel A.,Infrastructure,Medium
Laboratory facility issue,Practical equipment appears to be damaged. The issue is at Sports Complex.,Laboratory,High
Classroom problem,There is an electrical infrastructure problem. I noticed this problem at Library.,Infrastructure,Medium
Water supply problem,There is a problem with my hostel room.,Hostel,Medium
Digital library issue,The digital library is not accessible.,Library,Medium
Network connection problem,The student portal is not working properly. This has been causing inconvenience at Sports Complex.,IT / Wi-Fi,Low
Hostel room allocation issue,Water supply has been irregular in the hostel.,Hostel,Medium
Computer network issue,The internet connection is unavailable.,IT / Wi-Fi,High
Library seat problem,The required reference book is unavailable.,Library,High
Classroom infrastructure issue,Several chairs and desks are damaged. This has been causing inconvenience at Academic Block.,Infrastructure,Medium
Digital library issue,The required reference book is unavailable. The issue is at Main Gate.,Library,High
Electrical repair required,A campus facility is damaged and needs repair.,Maintenance,Low
Classroom problem,Several chairs and desks are damaged. The issue is at Main Building.,Infrastructure,Low
Internet speed problem,The computer network is not accessible.,IT / Wi-Fi,Low
Electrical infrastructure issue,Water is leaking from the classroom ceiling. This has been causing inconvenience at Campus.,Infrastructure,High
Lab safety issue,Some required laboratory equipment is missing. Students at Hostel A are affected.,Laboratory,Medium
Faculty related issue,My semester result is still not showing. Students at Main Building are affected.,Academic,Medium
Laboratory computer issue,Some required laboratory equipment is missing. The issue is at Academic Block.,Laboratory,Medium
Lab equipment problem,Some required laboratory equipment is missing. Students at Main Building are affected.,Laboratory,Medium
Assignment submission issue,I am unable to submit my assignment through the portal. The issue is at Campus.,Academic,Low
Digital library issue,The digital library is not accessible.,Library,Medium
Ceiling leakage,There is a problem with the classroom facilities. The issue is at Library.,Infrastructure,Low
Book return issue,There are not enough seats available in the library. I noticed this problem at Hostel C.,Library,Low
Room maintenance issue,The bathroom facilities require attention.,Hostel,Medium
Transport timing problem,The scheduled bus service did not arrive. Students at Main Building are affected.,Transport,High
Electrical infrastructure issue,The building requires maintenance. I noticed this problem at Laboratory Block.,Infrastructure,Medium
Bus route problem,The college bus requires maintenance. This has been causing inconvenience at Hostel C.,Transport,Medium
Building maintenance issue,There is an electrical infrastructure problem. I noticed this problem at Hostel C.,Infrastructure,Low
Missing lab equipment,Some required laboratory equipment is missing.,Laboratory,Medium
Hostel room allocation issue,Water supply has been irregular in the hostel. Students at Laboratory Block are affected.,Hostel,High
Electrical repair required,The ceiling fan is not working.,Maintenance,Low
Maintenance request,There is water leakage that requires immediate repair. The issue is at Hostel B.,Maintenance,Low
Building maintenance issue,Some equipment in the classroom is damaged. Students at Main Building are affected.,Infrastructure,Low
Attendance issue,I am facing a problem while registering for my course. Students at Hostel B are affected.,Academic,Medium
Bus maintenance problem,The college bus service is facing a problem. I noticed this problem at Main Building.,Transport,High
Building maintenance issue,The classroom infrastructure needs maintenance. I noticed this problem at Campus.,Infrastructure,Low
Marks not updated,My attendance is incorrect in the academic record. I noticed this problem at Campus.,Academic,Low
Broken fan,There is water leakage that requires immediate repair. The issue is at Academic Block.,Maintenance,Medium
Maintenance request,The ceiling fan is not working. I noticed this problem at Library.,Maintenance,Medium
Electrical repair required,A campus facility is damaged and needs repair. The issue is at Hostel C.,Maintenance,Medium
Bathroom issue,There is an electricity problem in the hostel.,Hostel,Medium
Hostel electricity problem,Water supply has been irregular in the hostel.,Hostel,Medium
Ceiling leakage,The campus infrastructure needs attention. Students at Sports Complex are affected.,Infrastructure,High
Classroom problem,There is a problem with the classroom facilities. The issue is at Library.,Infrastructure,Medium
Missing bus service,The college bus is overcrowded. The issue is at Hostel B.,Transport,Medium
Campus infrastructure problem,Several chairs and desks are damaged. This has been causing inconvenience at Laboratory Block.,Infrastructure,High
Water supply problem,My hostel room requires maintenance. Students at Main Building are affected.,Hostel,Low
Library timing problem,The library timing is causing difficulty for students. I noticed this problem at Laboratory Block.,Library,Medium
Transport facility issue,The college bus requires maintenance.,Transport,Medium
Building maintenance issue,Water is leaking from the classroom ceiling.,Infrastructure,High
Transport timing problem,There is a problem with the transport facility.,Transport,High
Internet connectivity problem,The student portal is not working properly. The issue is at Library.,IT / Wi-Fi,Medium
Course registration problem,I need assistance regarding an academic issue. The issue is at Hostel C.,Academic,Low
Digital library issue,The library timing is causing difficulty for students. This has been causing inconvenience at Main Building.,Library,Medium
Broken light,The lights in the room are not working. The issue is at Academic Block.,Maintenance,Medium
Hostel room allocation issue,My hostel room requires maintenance. This has been causing inconvenience at Hostel A.,Hostel,Medium
Attendance issue,My attendance is incorrect in the academic record.,Academic,Medium
Exam schedule problem,I am facing a problem while registering for my course. The issue is at Hostel C.,Academic,Medium
Hostel room issue,My hostel room requires maintenance. Students at Hostel C are affected.,Hostel,High
Classroom problem,There is an electrical infrastructure problem. I noticed this problem at Laboratory Block.,Infrastructure,High
Result not updated,My attendance is incorrect in the academic record. The issue is at Hostel C.,Academic,Low
Damaged furniture,The classroom infrastructure needs maintenance. This has been causing inconvenience at Laboratory Block.,Infrastructure,High
Practical equipment damaged,There is a safety issue in the laboratory. Students at Laboratory Block are affected.,Laboratory,Critical
Laboratory computer issue,One of the lab workstations is not working. Students at Hostel C are affected.,Laboratory,High
Assignment submission issue,My internal assessment marks appear to be incorrect.,Academic,Low
Bus maintenance problem,The scheduled bus service did not arrive. This has been causing inconvenience at Main Gate.,Transport,High
Classroom infrastructure issue,The campus infrastructure needs attention. This has been causing inconvenience at Main Gate.,Infrastructure,Medium
Laboratory computer issue,A computer in the laboratory is not functioning. I noticed this problem at Hostel B.,Laboratory,Medium
Assignment submission issue,My semester result is still not showing.,Academic,Low
Hostel cleanliness problem,There is a problem with my hostel room. Students at Main Building are affected.,Hostel,Medium
Assignment submission issue,My semester result is still not showing.,Academic,Low
Bus delay,The college bus arrived late today. The issue is at Library.,Transport,Medium
Course registration problem,My semester result is still not showing.,Academic,Medium
Library facility problem,The digital library is not accessible. The issue is at Hostel C.,Library,Medium
Electrical repair required,The ceiling fan is not working.,Maintenance,High
Bus delay,The college bus is overcrowded. Students at Hostel C are affected.,Transport,High
Water supply problem,The hostel common area is not being cleaned properly. Students at Academic Block are affected.,Hostel,Medium
Reference book unavailable,The library timing is causing difficulty for students. I noticed this problem at Library.,Library,Medium
Water leakage,A maintenance request has been pending. Students at Academic Block are affected.,Maintenance,Low
Electrical infrastructure issue,Some equipment in the classroom is damaged. Students at Hostel A are affected.,Infrastructure,Medium
Hostel facility problem,Water supply has been irregular in the hostel. I noticed this problem at Computer Lab.,Hostel,Medium
Missing lab equipment,A computer in the laboratory is not functioning.,Laboratory,Medium
Library computer issue,A computer in the library is not working. This has been causing inconvenience at Hostel C.,Library,Medium
Bus overcrowding,The college bus requires maintenance. Students at Main Gate are affected.,Transport,Low
Bus delay,The scheduled bus service did not arrive. This has been causing inconvenience at Main Building.,Transport,High
Electrical infrastructure issue,The campus infrastructure needs attention.,Infrastructure,Medium
Library computer issue,A library facility requires maintenance. This has been causing inconvenience at Campus.,Library,Medium
Marks not updated,I am unable to submit my assignment through the portal. The issue is at Campus.,Academic,Medium
Bathroom issue,My hostel room requires maintenance.,Hostel,High
Hostel cleanliness problem,My hostel room requires maintenance. The issue is at Computer Lab.,Hostel,Medium
Bus maintenance problem,The college bus requires maintenance. The issue is at Hostel B.,Transport,Medium
Room maintenance issue,My hostel room requires maintenance. This has been causing inconvenience at Academic Block.,Hostel,Medium
Hostel electricity problem,There is an electricity problem in the hostel. This has been causing inconvenience at Sports Complex.,Hostel,Medium
Bus route problem,The college bus is overcrowded. The issue is at Computer Lab.,Transport,Medium
College bus issue,The transport timing is inconvenient.,Transport,Low
Water leakage,The area requires proper cleaning. This has been causing inconvenience at Laboratory Block.,Maintenance,Medium
Assignment submission issue,My marks have not been updated on the student portal. This has been causing inconvenience at Main Gate.,Academic,Medium
Missing lab equipment,A computer in the laboratory is not functioning. The issue is at Hostel C.,Laboratory,Medium
Electrical repair required,There is a plumbing problem that needs attention. This has been causing inconvenience at Computer Lab.,Maintenance,Medium
Missing lab equipment,The equipment required for the practical is not working. This has been causing inconvenience at Hostel B.,Laboratory,Medium
Missing lab equipment,There is a safety issue in the laboratory. This has been causing inconvenience at Library.,Laboratory,Critical
Bus maintenance problem,The college bus service is facing a problem. I noticed this problem at Laboratory Block.,Transport,High
Assignment submission issue,My attendance is incorrect in the academic record.,Academic,Medium
Digital library issue,The required book is not available in the library. This has been causing inconvenience at Hostel C.,Library,Medium
Missing bus service,There is an issue with the current bus route. This has been causing inconvenience at Main Gate.,Transport,Medium
Faculty related issue,The examination schedule has not been updated properly. This has been causing inconvenience at Main Gate.,Academic,Low
Assignment submission issue,I am unable to submit my assignment through the portal.,Academic,Medium
Broken light,The area requires proper cleaning. Students at Academic Block are affected.,Maintenance,Low
Digital library issue,The required book is not available in the library. I noticed this problem at Main Building.,Library,Low
Bus maintenance problem,There is a problem with the transport facility. I noticed this problem at Laboratory Block.,Transport,Medium
Cleaning required,An electrical repair is required. This has been causing inconvenience at Hostel C.,Maintenance,High
Library timing problem,The library timing is causing difficulty for students. This has been causing inconvenience at Campus.,Library,High
Lab workstation problem,Practical equipment appears to be damaged. The issue is at Sports Complex.,Laboratory,Low
Water supply problem,There is a problem with my hostel room. This has been causing inconvenience at Sports Complex.,Hostel,Low
Bus route problem,The college bus requires maintenance.,Transport,Low
Lab workstation problem,There is a safety issue in the laboratory. This has been causing inconvenience at Academic Block.,Laboratory,Critical
Electrical repair required,The lights in the room are not working. The issue is at Computer Lab.,Maintenance,Medium
Transport facility issue,There is a problem with the transport facility. I noticed this problem at Hostel A.,Transport,Medium
Practical equipment damaged,Practical equipment appears to be damaged. This has been causing inconvenience at Main Building.,Laboratory,Medium
Internal marks issue,My marks have not been updated on the student portal. The issue is at Hostel A.,Academic,Medium
Digital library issue,The digital library is not accessible.,Library,High
Internet speed problem,The student portal is not working properly. This has been causing inconvenience at Sports Complex.,IT / Wi-Fi,Low
Broken fan,A maintenance request has been pending. This has been causing inconvenience at Hostel C.,Maintenance,Medium
Ceiling leakage,The building requires maintenance. Students at Hostel B are affected.,Infrastructure,Low
Plumbing problem,The ceiling fan is not working. Students at Library are affected.,Maintenance,Low
Hostel room issue,My hostel room requires maintenance.,Hostel,Medium
Attendance issue,My internal assessment marks appear to be incorrect. Students at Hostel A are affected.,Academic,High
Library timing problem,I am facing an issue while returning a library book. Students at Main Gate are affected.,Library,Medium
Student portal not working,Internet speed is extremely slow. The issue is at Main Building.,IT / Wi-Fi,Medium
Hostel room allocation issue,There is a problem with my hostel room.,Hostel,Low
Hostel facility problem,Water supply has been irregular in the hostel. Students at Hostel B are affected.,Hostel,Medium
Missing lab equipment,A computer in the laboratory is not functioning. This has been causing inconvenience at Hostel B.,Laboratory,Medium
Internet speed problem,The internet connection is unavailable. The issue is at Computer Lab.,IT / Wi-Fi,High
Electrical repair required,A campus facility is damaged and needs repair. The issue is at Main Gate.,Maintenance,Medium
Maintenance request,The area requires proper cleaning. This has been causing inconvenience at Main Gate.,Maintenance,Medium
Classroom problem,The classroom infrastructure needs maintenance.,Infrastructure,Low
Hostel electricity problem,There is an electricity problem in the hostel.,Hostel,Low
Classroom problem,Some equipment in the classroom is damaged.,Infrastructure,Low
Exam schedule problem,I am unable to submit my assignment through the portal. The issue is at Library.,Academic,Medium
Course registration problem,The examination schedule has not been updated properly. The issue is at Academic Block.,Academic,Medium
Practical equipment damaged,There is a problem with the laboratory facilities. The issue is at Academic Block.,Laboratory,Medium
Laboratory facility issue,There is a problem with the laboratory facilities.,Laboratory,High
Network connection problem,Campus WiFi keeps disconnecting. I noticed this problem at Academic Block.,IT / Wi-Fi,High
Bathroom issue,I have an issue with my hostel room allocation. This has been causing inconvenience at Academic Block.,Hostel,High
Transport facility issue,The college bus is overcrowded.,Transport,Low
Maintenance request,The lights in the room are not working. I noticed this problem at Sports Complex.,Maintenance,Medium
Hostel facility problem,I have an issue with my hostel room allocation.,Hostel,Medium
Plumbing problem,The area requires proper cleaning. The issue is at Laboratory Block.,Maintenance,Low
Campus infrastructure problem,Water is leaking from the classroom ceiling. I noticed this problem at Hostel C.,Infrastructure,Medium
Hostel cleanliness problem,There is an electricity problem in the hostel. Students at Library are affected.,Hostel,Medium
Hostel room issue,There is an electricity problem in the hostel. I noticed this problem at Hostel A.,Hostel,Medium
Missing bus service,The transport timing is inconvenient. The issue is at Campus.,Transport,High
Lab safety issue,There is a safety issue in the laboratory.,Laboratory,Critical
Laboratory computer issue,One of the lab workstations is not working. This has been causing inconvenience at Main Gate.,Laboratory,Medium
Book return issue,I am facing an issue while returning a library book. This has been causing inconvenience at Hostel A.,Library,High
Result not updated,My internal assessment marks appear to be incorrect. The issue is at Hostel B.,Academic,High
Campus infrastructure problem,Water is leaking from the classroom ceiling.,Infrastructure,Low
Lab equipment problem,The equipment required for the practical is not working. I noticed this problem at Computer Lab.,Laboratory,Medium
Water leakage,There is water leakage that requires immediate repair. The issue is at Library.,Maintenance,Low
Bus route problem,There is a problem with the transport facility. I noticed this problem at Main Building.,Transport,Medium
Library facility problem,A computer in the library is not working. I noticed this problem at Campus.,Library,High
Internal marks issue,My semester result is still not showing. This has been causing inconvenience at Computer Lab.,Academic,Low
Library computer issue,The required book is not available in the library. The issue is at Academic Block.,Library,Low
Broken classroom equipment,The campus infrastructure needs attention. Students at Laboratory Block are affected.,Infrastructure,Medium
Hostel cleanliness problem,There is an electricity problem in the hostel. The issue is at Campus.,Hostel,Low
Lab equipment problem,A computer in the laboratory is not functioning. I noticed this problem at Hostel A.,Laboratory,Low
Laboratory maintenance,One of the lab workstations is not working. Students at Main Building are affected.,Laboratory,Medium
Bus route problem,The college bus service is facing a problem. Students at Library are affected.,Transport,High
Bus route problem,The transport timing is inconvenient. This has been causing inconvenience at Sports Complex.,Transport,High
Laboratory maintenance,There is a problem with the laboratory facilities. The issue is at Academic Block.,Laboratory,Medium
Laboratory computer issue,The laboratory requires maintenance. Students at Campus are affected.,Laboratory,Medium
Water supply problem,A basic hostel facility is not working properly. Students at Hostel A are affected.,Hostel,Low
Computer network issue,Internet speed is extremely slow. This has been causing inconvenience at Academic Block.,IT / Wi-Fi,Low
Book return issue,The digital library is not accessible. This has been causing inconvenience at Main Building.,Library,Medium
Hostel room allocation issue,The hostel common area is not being cleaned properly. This has been causing inconvenience at Library.,Hostel,High
Internet speed problem,The student portal is not working properly. I noticed this problem at Hostel B.,IT / Wi-Fi,High
Classroom problem,Some equipment in the classroom is damaged. This has been causing inconvenience at Hostel C.,Infrastructure,Low
Hostel cleanliness problem,There is a problem with my hostel room. Students at Computer Lab are affected.,Hostel,Medium
Faculty related issue,I need assistance regarding an academic issue. I noticed this problem at Library.,Academic,Low
Hostel electricity problem,My hostel room requires maintenance. Students at Academic Block are affected.,Hostel,High
Cleaning required,There is water leakage that requires immediate repair. I noticed this problem at Computer Lab.,Maintenance,Medium
Hostel room issue,My hostel room requires maintenance. Students at Laboratory Block are affected.,Hostel,Medium
Internet speed problem,Campus WiFi keeps disconnecting. I noticed this problem at Sports Complex.,IT / Wi-Fi,High
Electrical repair required,There is water leakage that requires immediate repair. Students at Main Gate are affected.,Maintenance,Low
Internet connectivity problem,WiFi is not working in my hostel.,IT / Wi-Fi,Medium
Internet connectivity problem,The internet connection is unavailable. Students at Main Building are affected.,IT / Wi-Fi,High
Maintenance request,A maintenance request has been pending. Students at Hostel B are affected.,Maintenance,Medium
Transport timing problem,The college bus service is facing a problem. I noticed this problem at Academic Block.,Transport,Medium
Lab equipment problem,A computer in the laboratory is not functioning.,Laboratory,High
Lab safety issue,Some required laboratory equipment is missing. The issue is at Library.,Laboratory,Medium
Campus infrastructure problem,There is an electrical infrastructure problem. The issue is at Hostel C.,Infrastructure,High
Cleaning required,There is water leakage that requires immediate repair. I noticed this problem at Hostel C.,Maintenance,Low
Classroom infrastructure issue,The campus infrastructure needs attention.,Infrastructure,Low
Transport timing problem,The college bus requires maintenance. The issue is at Hostel B.,Transport,Low
Lab safety issue,Some required laboratory equipment is missing. The issue is at Hostel C.,Laboratory,Low
Laboratory maintenance,There is a problem with the laboratory facilities. I noticed this problem at Computer Lab.,Laboratory,Medium
Bus overcrowding,The scheduled bus service did not arrive. The issue is at Computer Lab.,Transport,Medium
Laboratory maintenance,There is a problem with the laboratory facilities. I noticed this problem at Hostel B.,Laboratory,Low
Ceiling leakage,The building requires maintenance. Students at Main Gate are affected.,Infrastructure,Medium
Bus delay,The transport timing is inconvenient. This has been causing inconvenience at Sports Complex.,Transport,Medium
Internet connectivity problem,The student portal is not working properly. The issue is at Laboratory Block.,IT / Wi-Fi,Medium
College bus issue,The college bus is overcrowded. I noticed this problem at Main Gate.,Transport,Medium
Maintenance request,There is a plumbing problem that needs attention. Students at Main Building are affected.,Maintenance,Low
Library computer issue,A library facility requires maintenance.,Library,Medium
Laboratory computer issue,The equipment required for the practical is not working. Students at Computer Lab are affected.,Laboratory,High
Classroom problem,Several chairs and desks are damaged. This has been causing inconvenience at Main Building.,Infrastructure,Medium
Bathroom issue,There is a problem with my hostel room. The issue is at Computer Lab.,Hostel,Medium
Laboratory computer issue,The equipment required for the practical is not working. I noticed this problem at Computer Lab.,Laboratory,Low
Cleaning required,There is water leakage that requires immediate repair. I noticed this problem at Hostel A.,Maintenance,Medium
Library seat problem,The library timing is causing difficulty for students. I noticed this problem at Hostel B.,Library,Medium
Internet speed problem,The internet connection is unavailable. Students at Main Building are affected.,IT / Wi-Fi,High
Faculty related issue,I am facing a problem while registering for my course. This has been causing inconvenience at Academic Block.,Academic,High
Electrical repair required,There is a plumbing problem that needs attention.,Maintenance,Medium
Ceiling leakage,The campus infrastructure needs attention. Students at Sports Complex are affected.,Infrastructure,Medium
Missing lab equipment,One of the lab workstations is not working. Students at Campus are affected.,Laboratory,Medium
Laboratory computer issue,Practical equipment appears to be damaged. This has been causing inconvenience at Sports Complex.,Laboratory,Medium
Maintenance request,An electrical repair is required.,Maintenance,High
Digital library issue,The required reference book is unavailable. This has been causing inconvenience at Library.,Library,High
Transport facility issue,There is a problem with the transport facility. The issue is at Computer Lab.,Transport,Low
Electrical repair required,The ceiling fan is not working. I noticed this problem at Sports Complex.,Maintenance,Medium
Library timing problem,There are not enough seats available in the library. This has been causing inconvenience at Hostel A.,Library,Medium
Water leakage,A campus facility is damaged and needs repair. This has been causing inconvenience at Campus.,Maintenance,Low
Hostel room issue,The bathroom facilities require attention. The issue is at Main Gate.,Hostel,Medium
Bathroom issue,A basic hostel facility is not working properly. The issue is at Library.,Hostel,Low
Assignment submission issue,The examination schedule has not been updated properly. This has been causing inconvenience at Campus.,Academic,Medium
Campus WiFi issue,I am facing a network connectivity problem. I noticed this problem at Main Gate.,IT / Wi-Fi,Low
Transport timing problem,There is an issue with the current bus route. The issue is at Hostel B.,Transport,Medium
Water supply problem,The hostel common area is not being cleaned properly. The issue is at Academic Block.,Hostel,High
Faculty related issue,My internal assessment marks appear to be incorrect. The issue is at Hostel A.,Academic,Medium
Damaged facility,The ceiling fan is not working.,Maintenance,Medium
Bus route problem,There is a problem with the transport facility. The issue is at Hostel C.,Transport,Medium
Building maintenance issue,Several chairs and desks are damaged.,Infrastructure,Medium
Bus maintenance problem,The college bus is overcrowded. The issue is at Main Building.,Transport,High
Library seat problem,A library facility requires maintenance. The issue is at Laboratory Block.,Library,High
Maintenance request,The ceiling fan is not working. I noticed this problem at Hostel A.,Maintenance,High
Room maintenance issue,There is a problem with my hostel room. I noticed this problem at Sports Complex.,Hostel,Low
Bus delay,The scheduled bus service did not arrive. This has been causing inconvenience at Hostel C.,Transport,High
Lab equipment problem,Some required laboratory equipment is missing.,Laboratory,Medium
Library facility problem,A computer in the library is not working. Students at Hostel C are affected.,Library,Medium
Reference book unavailable,The library timing is causing difficulty for students. I noticed this problem at Main Building.,Library,High
Hostel facility problem,My hostel room requires maintenance.,Hostel,Medium
Missing lab equipment,The laboratory requires maintenance.,Laboratory,Medium
Electrical repair required,There is water leakage that requires immediate repair. Students at Hostel A are affected.,Maintenance,Medium
Water supply problem,A basic hostel facility is not working properly. This has been causing inconvenience at Main Gate.,Hostel,Medium
Student portal not working,The internet connection is unavailable. This has been causing inconvenience at Hostel C.,IT / Wi-Fi,High
Electrical repair required,There is water leakage that requires immediate repair. I noticed this problem at Sports Complex.,Maintenance,Low
Attendance issue,I need assistance regarding an academic issue.,Academic,Low
Campus infrastructure problem,Some equipment in the classroom is damaged. This has been causing inconvenience at Computer Lab.,Infrastructure,Medium
Student portal not working,I am facing a network connectivity problem. This has been causing inconvenience at Computer Lab.,IT / Wi-Fi,Medium
Student portal not working,Campus WiFi keeps disconnecting.,IT / Wi-Fi,Medium
Hostel room issue,Water supply has been irregular in the hostel. The issue is at Academic Block.,Hostel,Medium
Course registration problem,My internal assessment marks appear to be incorrect.,Academic,Low
Library timing problem,The required reference book is unavailable. Students at Academic Block are affected.,Library,High
Missing bus service,The scheduled bus service did not arrive.,Transport,Medium
Hostel facility problem,My hostel room requires maintenance. This has been causing inconvenience at Main Gate.,Hostel,Low
Hostel room allocation issue,The bathroom facilities require attention. The issue is at Hostel B.,Hostel,High
WiFi not working,I cannot log in to the student portal. Students at Hostel A are affected.,IT / Wi-Fi,Medium
Lab workstation problem,The laboratory requires maintenance. Students at Hostel B are affected.,Laboratory,Medium
Hostel cleanliness problem,The bathroom facilities require attention.,Hostel,Low
Hostel facility problem,The bathroom facilities require attention. The issue is at Main Gate.,Hostel,Low
Library facility problem,There are not enough seats available in the library. I noticed this problem at Academic Block.,Library,Low
Building maintenance issue,The campus infrastructure needs attention. The issue is at Main Gate.,Infrastructure,Medium
Bus route problem,The college bus arrived late today. The issue is at Library.,Transport,High
Hostel facility problem,I have an issue with my hostel room allocation. The issue is at Main Building.,Hostel,Low
Faculty related issue,I am unable to submit my assignment through the portal. I noticed this problem at Main Gate.,Academic,High
Bus overcrowding,The transport timing is inconvenient. The issue is at Hostel A.,Transport,Low
Internet speed problem,WiFi is not working in my hostel. This has been causing inconvenience at Campus.,IT / Wi-Fi,Low
Maintenance request,The ceiling fan is not working. This has been causing inconvenience at Laboratory Block.,Maintenance,Medium
Hostel facility problem,Water supply has been irregular in the hostel. I noticed this problem at Sports Complex.,Hostel,Medium
Login portal issue,Internet speed is extremely slow. Students at Hostel A are affected.,IT / Wi-Fi,Medium
Hostel room issue,The hostel common area is not being cleaned properly.,Hostel,Low
Assignment submission issue,My marks have not been updated on the student portal. The issue is at Hostel B.,Academic,Medium
College bus issue,The college bus is overcrowded. I noticed this problem at Hostel A.,Transport,Medium
Network connection problem,Campus WiFi keeps disconnecting. This has been causing inconvenience at Sports Complex.,IT / Wi-Fi,High
Water supply problem,Water supply has been irregular in the hostel.,Hostel,Medium
Missing bus service,The transport timing is inconvenient. I noticed this problem at Computer Lab.,Transport,Medium
Lab safety issue,Practical equipment appears to be damaged.,Laboratory,Low
Course registration problem,My internal assessment marks appear to be incorrect. This has been causing inconvenience at Sports Complex.,Academic,Medium
Hostel cleanliness problem,I have an issue with my hostel room allocation. Students at Campus are affected.,Hostel,Medium
Internet connectivity problem,I cannot log in to the student portal. The issue is at Hostel C.,IT / Wi-Fi,Medium
Bus maintenance problem,There is an issue with the current bus route. This has been causing inconvenience at Hostel A.,Transport,Low
Practical equipment damaged,One of the lab workstations is not working. The issue is at Main Building.,Laboratory,Low
Lab workstation problem,There is a problem with the laboratory facilities. This has been causing inconvenience at Hostel A.,Laboratory,High
Bus delay,The transport timing is inconvenient. This has been causing inconvenience at Academic Block.,Transport,Medium
Water leakage,There is a plumbing problem that needs attention.,Maintenance,Medium
Course registration problem,My semester result is still not showing. Students at Sports Complex are affected.,Academic,Low
Library facility problem,A library facility requires maintenance. The issue is at Hostel A.,Library,High
Laboratory facility issue,One of the lab workstations is not working.,Laboratory,Medium
Ceiling leakage,There is an electrical infrastructure problem. Students at Academic Block are affected.,Infrastructure,Low
Practical equipment damaged,A computer in the laboratory is not functioning.,Laboratory,Medium
Library facility problem,The required book is not available in the library. I noticed this problem at Sports Complex.,Library,Medium
Practical equipment damaged,The equipment required for the practical is not working. I noticed this problem at Hostel B.,Laboratory,Medium
Missing lab equipment,There is a problem with the laboratory facilities. The issue is at Computer Lab.,Laboratory,High
Faculty related issue,My marks have not been updated on the student portal. This has been causing inconvenience at Library.,Academic,Medium
Water leakage,An electrical repair is required.,Maintenance,Medium
Hostel facility problem,I have an issue with my hostel room allocation. I noticed this problem at Main Building.,Hostel,Medium
College bus issue,The transport timing is inconvenient. Students at Main Gate are affected.,Transport,Medium
Assignment submission issue,My attendance is incorrect in the academic record. The issue is at Main Gate.,Academic,Medium
Missing bus service,The college bus arrived late today. Students at Campus are affected.,Transport,Low
Practical equipment damaged,The equipment required for the practical is not working. I noticed this problem at Main Gate.,Laboratory,Low
Login portal issue,The internet connection is unavailable.,IT / Wi-Fi,High
Bus route problem,There is an issue with the current bus route. Students at Academic Block are affected.,Transport,Medium
Library facility problem,A computer in the library is not working. This has been causing inconvenience at Main Gate.,Library,Medium
Classroom infrastructure issue,The campus infrastructure needs attention. I noticed this problem at Sports Complex.,Infrastructure,Medium
Cleaning required,A campus facility is damaged and needs repair.,Maintenance,Low
Campus infrastructure problem,The classroom infrastructure needs maintenance. Students at Main Building are affected.,Infrastructure,Low
Hostel cleanliness problem,There is an electricity problem in the hostel.,Hostel,Medium
Internet speed problem,WiFi is not working in my hostel. Students at Main Gate are affected.,IT / Wi-Fi,High
Water supply problem,The hostel common area is not being cleaned properly.,Hostel,High
Hostel room issue,A basic hostel facility is not working properly.,Hostel,High
Library seat problem,I am facing an issue while returning a library book. I noticed this problem at Sports Complex.,Library,Medium
Book return issue,The digital library is not accessible. This has been causing inconvenience at Academic Block.,Library,Medium
Hostel cleanliness problem,A basic hostel facility is not working properly. I noticed this problem at Laboratory Block.,Hostel,Low
Library computer issue,The digital library is not accessible. This has been causing inconvenience at Main Gate.,Library,Medium
Transport facility issue,The transport timing is inconvenient. Students at Sports Complex are affected.,Transport,Medium
Broken fan,There is a plumbing problem that needs attention. I noticed this problem at Main Building.,Maintenance,Medium
Water supply problem,My hostel room requires maintenance.,Hostel,Medium
Transport timing problem,The college bus service is facing a problem. The issue is at Computer Lab.,Transport,Medium
Room maintenance issue,The bathroom facilities require attention. This has been causing inconvenience at Campus.,Hostel,Low
Classroom infrastructure issue,Water is leaking from the classroom ceiling. Students at Hostel A are affected.,Infrastructure,Low
Ceiling leakage,Water is leaking from the classroom ceiling. Students at Library are affected.,Infrastructure,High
Network connection problem,The internet connection is unavailable. I noticed this problem at Library.,IT / Wi-Fi,High
Hostel room issue,Water supply has been irregular in the hostel. This has been causing inconvenience at Library.,Hostel,High
Transport facility issue,The college bus is overcrowded. Students at Computer Lab are affected.,Transport,Medium
Hostel room allocation issue,There is a problem with my hostel room.,Hostel,Medium
Transport facility issue,The scheduled bus service did not arrive. Students at Computer Lab are affected.,Transport,Medium
Hostel cleanliness problem,The bathroom facilities require attention. I noticed this problem at Computer Lab.,Hostel,Low
Plumbing problem,The area requires proper cleaning. I noticed this problem at Laboratory Block.,Maintenance,Medium
Classroom infrastructure issue,The building requires maintenance.,Infrastructure,Medium
Library computer issue,The digital library is not accessible. Students at Main Building are affected.,Library,Low
Practical equipment damaged,There is a problem with the laboratory facilities. Students at Computer Lab are affected.,Laboratory,Medium
Practical equipment damaged,A computer in the laboratory is not functioning. I noticed this problem at Academic Block.,Laboratory,Medium
Hostel cleanliness problem,I have an issue with my hostel room allocation.,Hostel,Low
WiFi not working,The computer network is not accessible. I noticed this problem at Hostel A.,IT / Wi-Fi,Medium
Lab workstation problem,There is a problem with the laboratory facilities. Students at Campus are affected.,Laboratory,High
Laboratory computer issue,A computer in the laboratory is not functioning. This has been causing inconvenience at Computer Lab.,Laboratory,High
Laboratory computer issue,Some required laboratory equipment is missing. The issue is at Main Building.,Laboratory,Medium
Hostel cleanliness problem,Water supply has been irregular in the hostel. Students at Library are affected.,Hostel,Medium
Laboratory facility issue,A computer in the laboratory is not functioning. The issue is at Library.,Laboratory,High
Hostel electricity problem,The hostel common area is not being cleaned properly. The issue is at Campus.,Hostel,Low
Campus WiFi issue,Internet speed is extremely slow. Students at Academic Block are affected.,IT / Wi-Fi,Medium
College bus issue,The college bus requires maintenance. This has been causing inconvenience at Hostel C.,Transport,Medium
Building maintenance issue,Some equipment in the classroom is damaged. Students at Campus are affected.,Infrastructure,Low
Electrical repair required,A campus facility is damaged and needs repair.,Maintenance,Medium
Classroom infrastructure issue,Water is leaking from the classroom ceiling.,Infrastructure,High
Login portal issue,The computer network is not accessible. Students at Campus are affected.,IT / Wi-Fi,Medium
Network connection problem,The computer network is not accessible. This has been causing inconvenience at Computer Lab.,IT / Wi-Fi,Medium
Bus overcrowding,There is an issue with the current bus route. The issue is at Academic Block.,Transport,Medium
Damaged facility,The area requires proper cleaning. This has been causing inconvenience at Academic Block.,Maintenance,Low
Electrical infrastructure issue,The campus infrastructure needs attention. The issue is at Main Gate.,Infrastructure,Medium
Broken fan,A campus facility is damaged and needs repair.,Maintenance,High
WiFi not working,I am facing a network connectivity problem.,IT / Wi-Fi,Medium
Water leakage,The area requires proper cleaning. I noticed this problem at Main Building.,Maintenance,High
Damaged facility,A maintenance request has been pending. I noticed this problem at Laboratory Block.,Maintenance,Low
Laboratory facility issue,There is a safety issue in the laboratory. The issue is at Library.,Laboratory,Critical
Laboratory facility issue,One of the lab workstations is not working.,Laboratory,Medium
Internet connectivity problem,I cannot log in to the student portal.,IT / Wi-Fi,Low
Internal marks issue,My attendance is incorrect in the academic record. I noticed this problem at Library.,Academic,Low
Assignment submission issue,I am facing a problem while registering for my course. Students at Campus are affected.,Academic,Medium
Broken light,There is a plumbing problem that needs attention. I noticed this problem at Hostel C.,Maintenance,Medium
Broken light,The lights in the room are not working. The issue is at Hostel A.,Maintenance,Low
Room maintenance issue,A basic hostel facility is not working properly. Students at Hostel A are affected.,Hostel,Medium
Lab equipment problem,There is a safety issue in the laboratory. Students at Main Gate are affected.,Laboratory,Critical
Result not updated,My attendance is incorrect in the academic record. This has been causing inconvenience at Laboratory Block.,Academic,Medium
Laboratory computer issue,A computer in the laboratory is not functioning.,Laboratory,High
Marks not updated,The examination schedule has not been updated properly.,Academic,High
Network connection problem,I cannot log in to the student portal.,IT / Wi-Fi,Low
Practical equipment damaged,There is a problem with the laboratory facilities. The issue is at Academic Block.,Laboratory,Medium
Transport facility issue,The college bus is overcrowded. The issue is at Laboratory Block.,Transport,Medium
Plumbing problem,A campus facility is damaged and needs repair.,Maintenance,Medium
Water leakage,A campus facility is damaged and needs repair. I noticed this problem at Laboratory Block.,Maintenance,Low
Transport timing problem,The college bus arrived late today. Students at Laboratory Block are affected.,Transport,High
Reference book unavailable,A computer in the library is not working. I noticed this problem at Main Gate.,Library,Medium
Broken classroom equipment,Some equipment in the classroom is damaged. Students at Campus are affected.,Infrastructure,Medium
Transport timing problem,There is an issue with the current bus route. This has been causing inconvenience at Hostel C.,Transport,High
WiFi not working,The computer network is not accessible. This has been causing inconvenience at Main Building.,IT / Wi-Fi,Medium
Library timing problem,The required book is not available in the library.,Library,High
Result not updated,I am unable to submit my assignment through the portal. This has been causing inconvenience at Campus.,Academic,High
Book return issue,The digital library is not accessible. This has been causing inconvenience at Computer Lab.,Library,Low
Room maintenance issue,Water supply has been irregular in the hostel. Students at Laboratory Block are affected.,Hostel,Low
Broken classroom equipment,Several chairs and desks are damaged. This has been causing inconvenience at Academic Block.,Infrastructure,Low
Internal marks issue,I need assistance regarding an academic issue.,Academic,High
Ceiling leakage,Water is leaking from the classroom ceiling. I noticed this problem at Hostel A.,Infrastructure,Low
Plumbing problem,There is a plumbing problem that needs attention. I noticed this problem at Campus.,Maintenance,Medium
Damaged furniture,There is a problem with the classroom facilities. Students at Campus are affected.,Infrastructure,Medium
Laboratory facility issue,There is a problem with the laboratory facilities. I noticed this problem at Academic Block.,Laboratory,Medium
Electrical infrastructure issue,The classroom infrastructure needs maintenance. This has been causing inconvenience at Library.,Infrastructure,Medium
Electrical infrastructure issue,Some equipment in the classroom is damaged. I noticed this problem at Hostel A.,Infrastructure,Medium
Internet connectivity problem,The computer network is not accessible. The issue is at Library.,IT / Wi-Fi,Low
College bus issue,There is an issue with the current bus route.,Transport,Medium
Library book unavailable,I am facing an issue while returning a library book. I noticed this problem at Main Building.,Library,High
Laboratory maintenance,One of the lab workstations is not working.,Laboratory,Medium
Hostel room allocation issue,Water supply has been irregular in the hostel. I noticed this problem at Academic Block.,Hostel,Medium
Laboratory computer issue,Some required laboratory equipment is missing.,Laboratory,High
Library seat problem,The required reference book is unavailable. Students at Academic Block are affected.,Library,High
Assignment submission issue,I am unable to submit my assignment through the portal.,Academic,Medium
Damaged furniture,There is an electrical infrastructure problem. I noticed this problem at Hostel A.,Infrastructure,Low
Exam schedule problem,I need assistance regarding an academic issue. This has been causing inconvenience at Laboratory Block.,Academic,Medium
Laboratory computer issue,There is a safety issue in the laboratory. This has been causing inconvenience at Campus.,Laboratory,Critical
Maintenance request,A campus facility is damaged and needs repair. I noticed this problem at Library.,Maintenance,Medium
Hostel cleanliness problem,I have an issue with my hostel room allocation. I noticed this problem at Main Gate.,Hostel,Medium
Damaged facility,A campus facility is damaged and needs repair. The issue is at Main Building.,Maintenance,High
Library timing problem,The required book is not available in the library. This has been causing inconvenience at Library.,Library,Medium
Broken light,The lights in the room are not working. I noticed this problem at Laboratory Block.,Maintenance,Medium
Assignment submission issue,I need assistance regarding an academic issue.,Academic,Medium
Result not updated,I am facing a problem while registering for my course. I noticed this problem at Hostel B.,Academic,Medium
Result not updated,My marks have not been updated on the student portal. I noticed this problem at Main Gate.,Academic,High
Water leakage,There is a plumbing problem that needs attention. The issue is at Main Building.,Maintenance,Low
Bus maintenance problem,The college bus requires maintenance. This has been causing inconvenience at Hostel C.,Transport,Low
Course registration problem,My marks have not been updated on the student portal. Students at Sports Complex are affected.,Academic,Medium
Broken classroom equipment,Water is leaking from the classroom ceiling. The issue is at Hostel B.,Infrastructure,High
Course registration problem,My attendance is incorrect in the academic record. I noticed this problem at Campus.,Academic,Medium
Course registration problem,I am facing a problem while registering for my course.,Academic,Medium
Internal marks issue,My internal assessment marks appear to be incorrect. The issue is at Main Gate.,Academic,Low
Campus WiFi issue,I am facing a network connectivity problem. Students at Hostel B are affected.,IT / Wi-Fi,High
Result not updated,I am unable to submit my assignment through the portal. This has been causing inconvenience at Campus.,Academic,Medium
Result not updated,My semester result is still not showing. I noticed this problem at Campus.,Academic,Low
Reference book unavailable,A computer in the library is not working. This has been causing inconvenience at Sports Complex.,Library,Low
Water supply problem,I have an issue with my hostel room allocation. Students at Hostel B are affected.,Hostel,Medium
Exam schedule problem,My marks have not been updated on the student portal. I noticed this problem at Academic Block.,Academic,High
Hostel cleanliness problem,The bathroom facilities require attention. Students at Main Gate are affected.,Hostel,Medium
Lab equipment problem,One of the lab workstations is not working. Students at Main Building are affected.,Laboratory,Medium
Campus infrastructure problem,Water is leaking from the classroom ceiling. Students at Academic Block are affected.,Infrastructure,Medium
Campus WiFi issue,I am facing a network connectivity problem. This has been causing inconvenience at Main Building.,IT / Wi-Fi,Medium
Hostel facility problem,There is an electricity problem in the hostel. I noticed this problem at Sports Complex.,Hostel,Medium
College bus issue,The college bus arrived late today. This has been causing inconvenience at Sports Complex.,Transport,Medium
Internet speed problem,I cannot log in to the student portal. I noticed this problem at Main Gate.,IT / Wi-Fi,Medium
Library seat problem,A computer in the library is not working. Students at Campus are affected.,Library,Medium
Computer network issue,I am facing a network connectivity problem. The issue is at Hostel A.,IT / Wi-Fi,Medium
College bus issue,The college bus requires maintenance. I noticed this problem at Sports Complex.,Transport,Medium
Water leakage,The area requires proper cleaning. I noticed this problem at Hostel B.,Maintenance,Low
Ceiling leakage,There is an electrical infrastructure problem. I noticed this problem at Library.,Infrastructure,Low
Campus infrastructure problem,There is a problem with the classroom facilities. This has been causing inconvenience at Hostel C.,Infrastructure,Medium
Faculty related issue,I need assistance regarding an academic issue.,Academic,High
Damaged facility,The lights in the room are not working. I noticed this problem at Main Building.,Maintenance,Medium
